playlist_id,playlist_name,playlist_img,playlist_owner_name,playlist_owner_id,danceability,energy,key,loudness,mode,speechiness,acousticness,instrumentalness,liveness,valence,tempo,track.id,analysis_url,time_signature,added_at,is_local,primary_color,added_by.href,added_by.id,added_by.type,added_by.uri,added_by.external_urls.spotify,href,id,name,type,uri,external_urls.spotify,track.disc_number,track.duration_ms,track.episode,track.explicit,track.href,track.is_local,track.name,track.popularity,track.preview_url,track.track,track.track_number,track.type,track.uri,track.album.album_type,track.album.href,track.album.id,track.album.name,track.album.release_date,track.album.release_date_precision,track.album.total_tracks,track.album.type,track.album.uri,track.album.external_urls.spotify,track.external_ids.isrc,track.external_urls.spotify,video_thumbnail.url,key_name,mode_name,key_mode
37i9dQZF1DWTY99d0AYptp,Top K-Pop Artists of 2019,https://i.scdn.co/image/ab67706f00000003cf6cf9223c41a4279770937f,Spotify,spotify,0.645,0.862,11,-4.757,0,0.0965,0.0923,0,0.192,0.798,119.991,5KawlOMHjWeUjQtnuRs22c,https://api.spotify.com/v1/audio-analysis/5KawlOMHjWeUjQtnuRs22c,4,2019-12-03T23:01:00Z,FALSE,NA,https://api.spotify.com/v1/users/,,user,spotify:user:,https://open.spotify.com/user/,https://api.spotify.com/v1/artists/3Nrfpe0tUJi4K4DXYWgMUX,3Nrfpe0tUJi4K4DXYWgMUX,BTS,artist,spotify:artist:3Nrfpe0tUJi4K4DXYWgMUX,https://open.spotify.com/artist/3Nrfpe0tUJi4K4DXYWgMUX,1,229773,FALSE,FALSE,https://api.spotify.com/v1/tracks/5KawlOMHjWeUjQtnuRs22c,FALSE,Boy With Luv (feat. Halsey),84,https://p.scdn.co/mp3-preview/d16797fb391fb909f3c46454d7cf89a2718f8171?cid=3aae041578b64519942b572adc41f54b,TRUE,2,track,spotify:track:5KawlOMHjWeUjQtnuRs22c,album,https://api.spotify.com/v1/albums/1AvXa8xFEXtR3hb4bgihIK,1AvXa8xFEXtR3hb4bgihIK,MAP OF THE SOUL : PERSONA,2019-04-12,day,7,album,spotify:album:1AvXa8xFEXtR3hb4bgihIK,https://open.spotify.com/album/1AvXa8xFEXtR3hb4bgihIK,QM6MZ1917908,https://open.spotify.com/track/5KawlOMHjWeUjQtnuRs22c,NA,B,minor,B minor
37i9dQZF1DWTY99d0AYptp,Top K-Pop Artists of 2019,https://i.scdn.co/image/ab67706f00000003cf6cf9223c41a4279770937f,Spotify,spotify,0.645,0.862,11,-4.757,0,0.0965,0.0923,0,0.192,0.798,119.991,5KawlOMHjWeUjQtnuRs22c,https://api.spotify.com/v1/audio-analysis/5KawlOMHjWeUjQtnuRs22c,4,2019-12-03T23:01:00Z,FALSE,NA,https://api.spotify.com/v1/users/,,user,spotify:user:,https://open.spotify.com/user/,https://api.spotify.com/v1/artists/26VFTg2z8YR0cCuwLzESi2,26VFTg2z8YR0cCuwLzESi2,Halsey,artist,spotify:artist:26VFTg2z8YR0cCuwLzESi2,https://open.spotify.com/artist/26VFTg2z8YR0cCuwLzESi2,1,229773,FALSE,FALSE,https://api.spotify.com/v1/tracks/5KawlOMHjWeUjQtnuRs22c,FALSE,Boy With Luv (feat. Halsey),84,https://p.scdn.co/mp3-preview/d16797fb391fb909f3c46454d7cf89a2718f8171?cid=3aae041578b64519942b572adc41f54b,TRUE,2,track,spotify:track:5KawlOMHjWeUjQtnuRs22c,album,https://api.spotify.com/v1/albums/1AvXa8xFEXtR3hb4bgihIK,1AvXa8xFEXtR3hb4bgihIK,MAP OF THE SOUL : PERSONA,2019-04-12,day,7,album,spotify:album:1AvXa8xFEXtR3hb4bgihIK,https://open.spotify.com/album/1AvXa8xFEXtR3hb4bgihIK,QM6MZ1917908,https://open.spotify.com/track/5KawlOMHjWeUjQtnuRs22c,NA,B,minor,B minor
37i9dQZF1DWTY99d0AYptp,Top K-Pop Artists of 2019,https://i.scdn.co/image/ab67706f00000003cf6cf9223c41a4279770937f,Spotify,spotify,0.738,0.861,2,-4.141,1,0.237,0.318,0.00182,0.325,0.58,131.98,0M98PvIvx7vZ8LDpzMw1hB,https://api.spotify.com/v1/audio-analysis/0M98PvIvx7vZ8LDpzMw1hB,4,2019-12-03T23:01:00Z,FALSE,NA,https://api.spotify.com/v1/users/,,user,spotify:user:,https://open.spotify.com/user/,https://api.spotify.com/v1/artists/41MozSoPIsD1dJM0CLPjZF,41MozSoPIsD1dJM0CLPjZF,BLACKPINK,artist,spotify:artist:41MozSoPIsD1dJM0CLPjZF,https://open.spotify.com/artist/41MozSoPIsD1dJM0CLPjZF,1,189052,FALSE,FALSE,https://api.spotify.com/v1/tracks/0M98PvIvx7vZ8LDpzMw1hB,FALSE,Kill This Love,71,https://p.scdn.co/mp3-preview/2ce279f37a3269fcade683fb1d6d45abc2617f8a?cid=3aae041578b64519942b572adc41f54b,TRUE,1,track,spotify:track:0M98PvIvx7vZ8LDpzMw1hB,single,https://api.spotify.com/v1/albums/2Pz8VAMiGc9UW1rrbBRDuO,2Pz8VAMiGc9UW1rrbBRDuO,Kill This Love,2019-04-05,day,5,album,spotify:album:2Pz8VAMiGc9UW1rrbBRDuO,https://open.spotify.com/album/2Pz8VAMiGc9UW1rrbBRDuO,KRA401900005,https://open.spotify.com/track/0M98PvIvx7vZ8LDpzMw1hB,NA,D,major,D major
37i9dQZF1DWTY99d0AYptp,Top K-Pop Artists of 2019,https://i.scdn.co/image/ab67706f00000003cf6cf9223c41a4279770937f,Spotify,spotify,0.709,0.959,1,-1.339,1,0.0603,0.0296,0.00188,0.107,0.644,128.983,0u7aRGM7YmvtsmG5NSrNsO,https://api.spotify.com/v1/audio-analysis/0u7aRGM7YmvtsmG5NSrNsO,4,2019-12-03T23:01:00Z,FALSE,NA,https://api.spotify.com/v1/users/,,user,spotify:user:,https://open.spotify.com/user/,https://api.spotify.com/v1/artists/7n2Ycct7Beij7Dj7meI4X0,7n2Ycct7Beij7Dj7meI4X0,TWICE,artist,spotify:artist:7n2Ycct7Beij7Dj7meI4X0,https://open.spotify.com/artist/7n2Ycct7Beij7Dj7meI4X0,1,206868,FALSE,FALSE,https://api.spotify.com/v1/tracks/0u7aRGM7YmvtsmG5NSrNsO,FALSE,Feel Special,5,NA,TRUE,1,track,spotify:track:0u7aRGM7YmvtsmG5NSrNsO,album,https://api.spotify.com/v1/albums/4EG4E0Uk0HpJBgOMgXI26z,4EG4E0Uk0HpJBgOMgXI26z,Feel Special,2019-09-23,day,7,album,spotify:album:4EG4E0Uk0HpJBgOMgXI26z,https://open.spotify.com/album/4EG4E0Uk0HpJBgOMgXI26z,US5TA1900074,https://open.spotify.com/track/0u7aRGM7YmvtsmG5NSrNsO,NA,C#,major,C# major
37i9dQZF1DWTY99d0AYptp,Top K-Pop Artists of 2019,https://i.scdn.co/image/ab67706f00000003cf6cf9223c41a4279770937f,Spotify,spotify,0.704,0.729,7,-3.851,1,0.0624,0.0024,0,0.218,0.71,129.992,7fK0csBoqbcgUuWGV0cpoD,https://api.spotify.com/v1/audio-analysis/7fK0csBoqbcgUuWGV0cpoD,4,2019-12-03T23:01:00Z,FALSE,NA,https://api.spotify.com/v1/users/,,user,spotify:user:,https://open.spotify.com/user/,https://api.spotify.com/v1/artists/3cjEqqelV9zb4BYE3qDQ4O,3cjEqqelV9zb4BYE3qDQ4O,EXO,artist,spotify:artist:3cjEqqelV9zb4BYE3qDQ4O,https://open.spotify.com/artist/3cjEqqelV9zb4BYE3qDQ4O,1,203520,FALSE,FALSE,https://api.spotify.com/v1/tracks/7fK0csBoqbcgUuWGV0cpoD,FALSE,Obsession,70,https://p.scdn.co/mp3-preview/6f67fcff150ac3e130cd129c2aafdcce63293e19?cid=3aae041578b64519942b572adc41f54b,TRUE,1,track,spotify:track:7fK0csBoqbcgUuWGV0cpoD,album,https://api.spotify.com/v1/albums/7uNyF6MKaVHi5TJqIiNobm,7uNyF6MKaVHi5TJqIiNobm,OBSESSION - The 6th Album,2019-11-27,day,10,album,spotify:album:7uNyF6MKaVHi5TJqIiNobm,https://open.spotify.com/album/7uNyF6MKaVHi5TJqIiNobm,KRA301900545,https://open.spotify.com/track/7fK0csBoqbcgUuWGV0cpoD,NA,G,major,G major
37i9dQZF1DWTY99d0AYptp,Top K-Pop Artists of 2019,https://i.scdn.co/image/ab67706f00000003cf6cf9223c41a4279770937f,Spotify,spotify,0.68,0.878,5,-4.791,0,0.179,0.0028,2.22e-5,0.336,0.531,127.991,0GUbhhI5fRx7BlqlqlhjuB,https://api.spotify.com/v1/audio-analysis/0GUbhhI5fRx7BlqlqlhjuB,4,2019-12-03T23:01:00Z,FALSE,NA,https://api.spotify.com/v1/users/,,user,spotify:user:,https://open.spotify.com/user/,https://api.spotify.com/v1/artists/1z4g3DjTBBZKhvAroFlhOM,1z4g3DjTBBZKhvAroFlhOM,Red Velvet,artist,spotify:artist:1z4g3DjTBBZKhvAroFlhOM,https://open.spotify.com/artist/1z4g3DjTBBZKhvAroFlhOM,1,190859,FALSE,FALSE,https://api.spotify.com/v1/tracks/0GUbhhI5fRx7BlqlqlhjuB,FALSE,Zimzalabim,61,https://p.scdn.co/mp3-preview/7c8470565e0b358810d88dca63e388f858f5150a?cid=3aae041578b64519942b572adc41f54b,TRUE,1,track,spotify:track:0GUbhhI5fRx7BlqlqlhjuB,single,https://api.spotify.com/v1/albums/2nLEiP268mSFZHW5dajM4R,2nLEiP268mSFZHW5dajM4R,‘The ReVe Festival’ Day 1,2019-06-19,day,6,album,spotify:album:2nLEiP268mSFZHW5dajM4R,https://open.spotify.com/album/2nLEiP268mSFZHW5dajM4R,KRA301900257,https://open.spotify.com/track/0GUbhhI5fRx7BlqlqlhjuB,NA,F,minor,F minor
37i9dQZF1DWTY99d0AYptp,Top K-Pop Artists of 2019,https://i.scdn.co/image/ab67706f00000003cf6cf9223c41a4279770937f,Spotify,spotify,0.616,0.908,9,-3.97,0,0.26,0.0861,0,0.129,0.658,130.048,7fMr8hvwXVWO36ZD24HBeR,https://api.spotify.com/v1/audio-analysis/7fMr8hvwXVWO36ZD24HBeR,4,2019-12-03T23:01:00Z,FALSE,NA,https://api.spotify.com/v1/users/,,user,spotify:user:,https://open.spotify.com/user/,https://api.spotify.com/v1/artists/7nqOGRxlXj7N2JYbgNEjYH,7nqOGRxlXj7N2JYbgNEjYH,SEVENTEEN,artist,spotify:artist:7nqOGRxlXj7N2JYbgNEjYH,https://open.spotify.com/artist/7nqOGRxlXj7N2JYbgNEjYH,1,203506,FALSE,FALSE,https://api.spotify.com/v1/tracks/7fMr8hvwXVWO36ZD24HBeR,FALSE,HIT,60,https://p.scdn.co/mp3-preview/197d72fe8151ac5dc77cd4a666db32b6c8639b9f?cid=3aae041578b64519942b572adc41f54b,TRUE,1,track,spotify:track:7fMr8hvwXVWO36ZD24HBeR,album,https://api.spotify.com/v1/albums/4btxaakgIaE1AkXqpReLwd,4btxaakgIaE1AkXqpReLwd,An Ode,2019-09-16,day,11,album,spotify:album:4btxaakgIaE1AkXqpReLwd,https://open.spotify.com/album/4btxaakgIaE1AkXqpReLwd,KRA491900542,https://open.spotify.com/track/7fMr8hvwXVWO36ZD24HBeR,NA,A,minor,A minor
37i9dQZF1DWTY99d0AYptp,Top K-Pop Artists of 2019,https://i.scdn.co/image/ab67706f00000003cf6cf9223c41a4279770937f,Spotify,spotify,0.716,0.814,5,-2.889,0,0.35,0.0486,0,0.607,0.575,146.925,7vZseKiQOIuFxxfi84302k,https://api.spotify.com/v1/audio-analysis/7vZseKiQOIuFxxfi84302k,4,2019-12-03T23:01:00Z,FALSE,NA,https://api.spotify.com/v1/users/,,user,spotify:user:,https://open.spotify.com/user/,https://api.spotify.com/v1/artists/2dIgFjalVxs4ThymZ67YCE,2dIgFjalVxs4ThymZ67YCE,Stray Kids,artist,spotify:artist:2dIgFjalVxs4ThymZ67YCE,https://open.spotify.com/artist/2dIgFjalVxs4ThymZ67YCE,1,189771,FALSE,FALSE,https://api.spotify.com/v1/tracks/7vZseKiQOIuFxxfi84302k,FALSE,Double Knot,60,https://p.scdn.co/mp3-preview/a242adc9381566dc0bfd7a1981b818de97855399?cid=3aae041578b64519942b572adc41f54b,TRUE,1,track,spotify:track:7vZseKiQOIuFxxfi84302k,single,https://api.spotify.com/v1/albums/3SoaVGrOhUhSSdaanMdbbI,3SoaVGrOhUhSSdaanMdbbI,Double Knot,2019-10-09,day,1,album,spotify:album:3SoaVGrOhUhSSdaanMdbbI,https://open.spotify.com/album/3SoaVGrOhUhSSdaanMdbbI,US5TA1900081,https://open.spotify.com/track/7vZseKiQOIuFxxfi84302k,NA,F,minor,F minor
37i9dQZF1DWTY99d0AYptp,Top K-Pop Artists of 2019,https://i.scdn.co/image/ab67706f00000003cf6cf9223c41a4279770937f,Spotify,spotify,0.642,0.729,6,-5.005,1,0.056,0.0297,0,0.102,0.536,112.966,12ksjJ2DDQZu0a1fvJnTRE,https://api.spotify.com/v1/audio-analysis/12ksjJ2DDQZu0a1fvJnTRE,4,2019-12-03T23:01:00Z,FALSE,NA,https://api.spotify.com/v1/users/,,user,spotify:user:,https://open.spotify.com/user/,https://api.spotify.com/v1/artists/7f4ignuCJhLXfZ9giKT7rH,7f4ignuCJhLXfZ9giKT7rH,NCT 127,artist,spotify:artist:7f4ignuCJhLXfZ9giKT7rH,https://open.spotify.com/artist/7f4ignuCJhLXfZ9giKT7rH,1,200573,FALSE,FALSE,https://api.spotify.com/v1/tracks/12ksjJ2DDQZu0a1fvJnTRE,FALSE,Highway to Heaven,50,https://p.scdn.co/mp3-preview/a371115230b3ad08830b8c1d103f2e74cd52351d?cid=3aae041578b64519942b572adc41f54b,TRUE,1,track,spotify:track:12ksjJ2DDQZu0a1fvJnTRE,single,https://api.spotify.com/v1/albums/15DNWLVXy5ES2USQ1PFnF5,15DNWLVXy5ES2USQ1PFnF5,NCT #127 WE ARE SUPERHUMAN - The 4th Mini Album,2019-05-24,day,6,album,spotify:album:15DNWLVXy5ES2USQ1PFnF5,https://open.spotify.com/album/15DNWLVXy5ES2USQ1PFnF5,KRA301900191,https://open.spotify.com/track/12ksjJ2DDQZu0a1fvJnTRE,NA,F#,major,F# major
37i9dQZF1DWTY99d0AYptp,Top K-Pop Artists of 2019,https://i.scdn.co/image/ab67706f00000003cf6cf9223c41a4279770937f,Spotify,spotify,0.76,0.672,9,-5.277,0,0.0732,0.465,0,0.205,0.505,127.986,36wruYZk4V9sWeUzR3rB74,https://api.spotify.com/v1/audio-analysis/36wruYZk4V9sWeUzR3rB74,4,2019-12-03T23:01:00Z,FALSE,NA,https://api.spotify.com/v1/users/,,user,spotify:user:,https://open.spotify.com/user/,https://api.spotify.com/v1/artists/5qRSs6mvI17zrkJpOHkCoM,5qRSs6mvI17zrkJpOHkCoM,iKON,artist,spotify:artist:5qRSs6mvI17zrkJpOHkCoM,https://open.spotify.com/artist/5qRSs6mvI17zrkJpOHkCoM,1,193733,FALSE,FALSE,https://api.spotify.com/v1/tracks/36wruYZk4V9sWeUzR3rB74,FALSE,KILLING ME,61,https://p.scdn.co/mp3-preview/08c8c2b28097f93de65bcf9e2f7cd722f838669d?cid=3aae041578b64519942b572adc41f54b,TRUE,4,track,spotify:track:36wruYZk4V9sWeUzR3rB74,compilation,https://api.spotify.com/v1/albums/2e2VfakLM318HT1VaJsKq2,2e2VfakLM318HT1VaJsKq2,NEW KIDS REPACKAGE : THE NEW KIDS,2019-01-07,day,23,album,spotify:album:2e2VfakLM318HT1VaJsKq2,https://open.spotify.com/album/2e2VfakLM318HT1VaJsKq2,KRA401800118,https://open.spotify.com/track/36wruYZk4V9sWeUzR3rB74,NA,A,minor,A minor
37i9dQZF1DWTY99d0AYptp,Top K-Pop Artists of 2019,https://i.scdn.co/image/ab67706f00000003cf6cf9223c41a4279770937f,Spotify,spotify,0.813,0.667,0,-4.061,0,0.0616,0.0917,0,0.0802,0.514,111.02,6f4wghlwYWGLqGEIKc6HDQ,https://api.spotify.com/v1/audio-analysis/6f4wghlwYWGLqGEIKc6HDQ,4,2019-12-03T23:01:00Z,FALSE,NA,https://api.spotify.com/v1/users/,,user,spotify:user:,https://open.spotify.com/user/,https://api.spotify.com/v1/artists/6nfDaffa50mKtEOwR8g4df,6nfDaffa50mKtEOwR8g4df,GOT7,artist,spotify:artist:6nfDaffa50mKtEOwR8g4df,https://open.spotify.com/artist/6nfDaffa50mKtEOwR8g4df,1,194707,FALSE,FALSE,https://api.spotify.com/v1/tracks/6f4wghlwYWGLqGEIKc6HDQ,FALSE,You Calling My Name,69,https://p.scdn.co/mp3-preview/cf4a00ddb5cd944c1091ca31b3e70a69a913fd7b?cid=3aae041578b64519942b572adc41f54b,TRUE,1,track,spotify:track:6f4wghlwYWGLqGEIKc6HDQ,single,https://api.spotify.com/v1/albums/76B3bEVEuCnZTkwhOXdjmg,76B3bEVEuCnZTkwhOXdjmg,Call My Name,2019-11-04,day,6,album,spotify:album:76B3bEVEuCnZTkwhOXdjmg,https://open.spotify.com/album/76B3bEVEuCnZTkwhOXdjmg,US5TA1900095,https://open.spotify.com/track/6f4wghlwYWGLqGEIKc6HDQ,NA,C,minor,C minor
37i9dQZF1DWTY99d0AYptp,Top K-Pop Artists of 2019,https://i.scdn.co/image/ab67706f00000003cf6cf9223c41a4279770937f,Spotify,spotify,0.638,0.93,0,-2.214,1,0.0923,0.0305,2.38e-6,0.228,0.734,109.961,7ri0aUbwDcItOnQbywEGU5,https://api.spotify.com/v1/audio-analysis/7ri0aUbwDcItOnQbywEGU5,4,2019-12-03T23:01:00Z,FALSE,NA,https://api.spotify.com/v1/users/,,user,spotify:user:,https://open.spotify.com/user/,https://api.spotify.com/v1/artists/4TnGh5PKbSjpYqpIdlW5nz,4TnGh5PKbSjpYqpIdlW5nz,Monsta X,artist,spotify:artist:4TnGh5PKbSjpYqpIdlW5nz,https://open.spotify.com/artist/4TnGh5PKbSjpYqpIdlW5nz,1,213440,FALSE,FALSE,https://api.spotify.com/v1/tracks/7ri0aUbwDcItOnQbywEGU5,FALSE,Follow,62,https://p.scdn.co/mp3-preview/a3d9a56131b02c6b70580db43de202c54fd53d57?cid=3aae041578b64519942b572adc41f54b,TRUE,2,track,spotify:track:7ri0aUbwDcItOnQbywEGU5,album,https://api.spotify.com/v1/albums/3s5WpeDw4JOec54wEgmJBy,3s5WpeDw4JOec54wEgmJBy,FOLLOW - FIND YOU,2019-10-28,day,8,album,spotify:album:3s5WpeDw4JOec54wEgmJBy,https://open.spotify.com/album/3s5WpeDw4JOec54wEgmJBy,KRMIM1918966,https://open.spotify.com/track/7ri0aUbwDcItOnQbywEGU5,NA,C,major,C major
37i9dQZF1DWTY99d0AYptp,Top K-Pop Artists of 2019,https://i.scdn.co/image/ab67706f00000003cf6cf9223c41a4279770937f,Spotify,spotify,0.781,0.814,11,-3.315,0,0.0648,0.0586,0,0.118,0.782,92.037,1OBb2wZMXKNmtdyyejLIyL,https://api.spotify.com/v1/audio-analysis/1OBb2wZMXKNmtdyyejLIyL,4,2019-12-03T23:01:00Z,FALSE,NA,https://api.spotify.com/v1/users/,,user,spotify:user:,https://open.spotify.com/user/,https://api.spotify.com/v1/artists/2AfmfGFbe0A0WsTYm0SDTx,2AfmfGFbe0A0WsTYm0SDTx,(G)I-DLE,artist,spotify:artist:2AfmfGFbe0A0WsTYm0SDTx,https://open.spotify.com/artist/2AfmfGFbe0A0WsTYm0SDTx,1,207600,FALSE,FALSE,https://api.spotify.com/v1/tracks/1OBb2wZMXKNmtdyyejLIyL,FALSE,Uh-Oh,64,NA,TRUE,1,track,spotify:track:1OBb2wZMXKNmtdyyejLIyL,single,https://api.spotify.com/v1/albums/3PzrNuMGWGpp8WOfrmpkaU,3PzrNuMGWGpp8WOfrmpkaU,Uh-Oh,2019-06-26,day,1,album,spotify:album:3PzrNuMGWGpp8WOfrmpkaU,https://open.spotify.com/album/3PzrNuMGWGpp8WOfrmpkaU,KRA391900028,https://open.spotify.com/track/1OBb2wZMXKNmtdyyejLIyL,NA,B,minor,B minor
37i9dQZF1DWTY99d0AYptp,Top K-Pop Artists of 2019,https://i.scdn.co/image/ab67706f00000003cf6cf9223c41a4279770937f,Spotify,spotify,0.633,0.857,1,-3.006,1,0.0412,0.00983,0,0.331,0.489,135.013,2ispu3yKamZhCGf2Aj4roe,https://api.spotify.com/v1/audio-analysis/2ispu3yKamZhCGf2Aj4roe,4,2019-12-03T23:01:00Z,FALSE,NA,https://api.spotify.com/v1/users/,,user,spotify:user:,https://open.spotify.com/user/,https://api.spotify.com/v1/artists/4Kxlr1PRlDKEB0ekOCyHgX,4Kxlr1PRlDKEB0ekOCyHgX,BIGBANG,artist,spotify:artist:4Kxlr1PRlDKEB0ekOCyHgX,https://open.spotify.com/artist/4Kxlr1PRlDKEB0ekOCyHgX,1,222213,FALSE,FALSE,https://api.spotify.com/v1/tracks/2ispu3yKamZhCGf2Aj4roe,FALSE,BANG BANG BANG,54,https://p.scdn.co/mp3-preview/71b6243352067cdf7b41e75025d4b156c67e9b0b?cid=3aae041578b64519942b572adc41f54b,TRUE,2,track,spotify:track:2ispu3yKamZhCGf2Aj4roe,album,https://api.spotify.com/v1/albums/4ls7QOvWzu4OGaQQSiKeDE,4ls7QOvWzu4OGaQQSiKeDE,MADE SERIES,2016-02-03,day,11,album,spotify:album:4ls7QOvWzu4OGaQQSiKeDE,https://open.spotify.com/album/4ls7QOvWzu4OGaQQSiKeDE,JPB601502279,https://open.spotify.com/track/2ispu3yKamZhCGf2Aj4roe,NA,C#,major,C# major
37i9dQZF1DWTY99d0AYptp,Top K-Pop Artists of 2019,https://i.scdn.co/image/ab67706f00000003cf6cf9223c41a4279770937f,Spotify,spotify,0.704,0.787,0,-3.114,1,0.082,0.114,0,0.228,0.707,96.929,6E7jAJN2e3znSHyPCdQqx8,https://api.spotify.com/v1/audio-analysis/6E7jAJN2e3znSHyPCdQqx8,4,2019-12-03T23:01:00Z,FALSE,NA,https://api.spotify.com/v1/users/,,user,spotify:user:,https://open.spotify.com/user/,https://api.spotify.com/v1/artists/0XATRDCYuuGhk0oE7C0o5G,0XATRDCYuuGhk0oE7C0o5G,MAMAMOO,artist,spotify:artist:0XATRDCYuuGhk0oE7C0o5G,https://open.spotify.com/artist/0XATRDCYuuGhk0oE7C0o5G,1,195855,FALSE,FALSE,https://api.spotify.com/v1/tracks/6E7jAJN2e3znSHyPCdQqx8,FALSE,gogobebe,70,https://p.scdn.co/mp3-preview/969e2311f0c4c0133d45b2637f5d595d86def7e0?cid=3aae041578b64519942b572adc41f54b,TRUE,2,track,spotify:track:6E7jAJN2e3znSHyPCdQqx8,single,https://api.spotify.com/v1/albums/60m09rutmwj5ewOJoFIAVY,60m09rutmwj5ewOJoFIAVY,White Wind,2019-03-14,day,7,album,spotify:album:60m09rutmwj5ewOJoFIAVY,https://open.spotify.com/album/60m09rutmwj5ewOJoFIAVY,KRA381900683,https://open.spotify.com/track/6E7jAJN2e3znSHyPCdQqx8,NA,C,major,C major
37i9dQZF1DWTY99d0AYptp,Top K-Pop Artists of 2019,https://i.scdn.co/image/ab67706f00000003cf6cf9223c41a4279770937f,Spotify,spotify,0.335,0.937,11,-1.895,0,0.0737,0.00502,0,0.51,0.529,199.692,499qjESUqiZjlNI7XQhyLp,https://api.spotify.com/v1/audio-analysis/499qjESUqiZjlNI7XQhyLp,4,2019-12-03T23:01:00Z,FALSE,NA,https://api.spotify.com/v1/users/,,user,spotify:user:,https://open.spotify.com/user/,https://api.spotify.com/v1/artists/5TnQc2N1iKlFjYD7CPGvFc,5TnQc2N1iKlFjYD7CPGvFc,DAY6,artist,spotify:artist:5TnQc2N1iKlFjYD7CPGvFc,https://open.spotify.com/artist/5TnQc2N1iKlFjYD7CPGvFc,1,227240,FALSE,FALSE,https://api.spotify.com/v1/tracks/499qjESUqiZjlNI7XQhyLp,FALSE,Sweet Chaos,63,https://p.scdn.co/mp3-preview/d33b878696196117db6294feac126c6d0c1e8a77?cid=3aae041578b64519942b572adc41f54b,TRUE,2,track,spotify:track:499qjESUqiZjlNI7XQhyLp,album,https://api.spotify.com/v1/albums/2vnlVtSs6PP1iKvcTWtX2h,2vnlVtSs6PP1iKvcTWtX2h,The Book of Us : Entropy,2019-10-22,day,11,album,spotify:album:2vnlVtSs6PP1iKvcTWtX2h,https://open.spotify.com/album/2vnlVtSs6PP1iKvcTWtX2h,US5TA1900083,https://open.spotify.com/track/499qjESUqiZjlNI7XQhyLp,NA,B,minor,B minor
37i9dQZF1DWTY99d0AYptp,Top K-Pop Artists of 2019,https://i.scdn.co/image/ab67706f00000003cf6cf9223c41a4279770937f,Spotify,spotify,0.751,0.726,8,-3.499,0,0.038,0.0706,3.42e-6,0.278,0.581,104.914,7JCi89HGiURxFpr6NITY7q,https://api.spotify.com/v1/audio-analysis/7JCi89HGiURxFpr6NITY7q,4,2019-12-03T23:01:00Z,FALSE,NA,https://api.spotify.com/v1/users/,,user,spotify:user:,https://open.spotify.com/user/,https://api.spotify.com/v1/artists/2PSJ6YriU7JsFucxACpU7Y,2PSJ6YriU7JsFucxACpU7Y,CHUNG HA,artist,spotify:artist:2PSJ6YriU7JsFucxACpU7Y,https://open.spotify.com/artist/2PSJ6YriU7JsFucxACpU7Y,1,213164,FALSE,FALSE,https://api.spotify.com/v1/tracks/7JCi89HGiURxFpr6NITY7q,FALSE,Snapping,66,https://p.scdn.co/mp3-preview/aec377acdaa82d22ba77b538627cd8073e4a82ef?cid=3aae041578b64519942b572adc41f54b,TRUE,5,track,spotify:track:7JCi89HGiURxFpr6NITY7q,single,https://api.spotify.com/v1/albums/1lNM7RF1SVUs66OtLj4MQh,1lNM7RF1SVUs66OtLj4MQh,Flourishing,2019-06-24,day,5,album,spotify:album:1lNM7RF1SVUs66OtLj4MQh,https://open.spotify.com/album/1lNM7RF1SVUs66OtLj4MQh,KRMIM1910140,https://open.spotify.com/track/7JCi89HGiURxFpr6NITY7q,NA,G#,minor,G# minor
37i9dQZF1DWTY99d0AYptp,Top K-Pop Artists of 2019,https://i.scdn.co/image/ab67706f00000003cf6cf9223c41a4279770937f,Spotify,spotify,0.737,0.747,10,-4.818,1,0.0323,0.269,0,0.219,0.447,105.943,1ZLrDPgR7mvuTco3rQK8Pk,https://api.spotify.com/v1/audio-analysis/1ZLrDPgR7mvuTco3rQK8Pk,4,2019-12-03T23:01:00Z,FALSE,NA,https://api.spotify.com/v1/users/,,user,spotify:user:,https://open.spotify.com/user/,https://api.spotify.com/v1/artists/72nLe76yBFSlP6VBzME358,72nLe76yBFSlP6VBzME358,SHAUN,artist,spotify:artist:72nLe76yBFSlP6VBzME358,https://open.spotify.com/artist/72nLe76yBFSlP6VBzME358,1,192452,FALSE,FALSE,https://api.spotify.com/v1/tracks/1ZLrDPgR7mvuTco3rQK8Pk,FALSE,Way Back Home (feat. Conor Maynard) - Sam Feldt Edit,76,https://p.scdn.co/mp3-preview/896792d0b58857cf31638183de4555eb76612015?cid=3aae041578b64519942b572adc41f54b,TRUE,1,track,spotify:track:1ZLrDPgR7mvuTco3rQK8Pk,single,https://api.spotify.com/v1/albums/13aeLAMXve4Jxd8mNKu068,13aeLAMXve4Jxd8mNKu068,Way Back Home (feat. Conor Maynard) [Sam Feldt Edit],2018-12-21,day,1,album,spotify:album:13aeLAMXve4Jxd8mNKu068,https://open.spotify.com/album/13aeLAMXve4Jxd8mNKu068,NLZ541801807,https://open.spotify.com/track/1ZLrDPgR7mvuTco3rQK8Pk,NA,A#,major,A# major
37i9dQZF1DWTY99d0AYptp,Top K-Pop Artists of 2019,https://i.scdn.co/image/ab67706f00000003cf6cf9223c41a4279770937f,Spotify,spotify,0.737,0.747,10,-4.818,1,0.0323,0.269,0,0.219,0.447,105.943,1ZLrDPgR7mvuTco3rQK8Pk,https://api.spotify.com/v1/audio-analysis/1ZLrDPgR7mvuTco3rQK8Pk,4,2019-12-03T23:01:00Z,FALSE,NA,https://api.spotify.com/v1/users/,,user,spotify:user:,https://open.spotify.com/user/,https://api.spotify.com/v1/artists/6mU8ucezzms5I2kNH6HNlu,6mU8ucezzms5I2kNH6HNlu,Conor Maynard,artist,spotify:artist:6mU8ucezzms5I2kNH6HNlu,https://open.spotify.com/artist/6mU8ucezzms5I2kNH6HNlu,1,192452,FALSE,FALSE,https://api.spotify.com/v1/tracks/1ZLrDPgR7mvuTco3rQK8Pk,FALSE,Way Back Home (feat. Conor Maynard) - Sam Feldt Edit,76,https://p.scdn.co/mp3-preview/896792d0b58857cf31638183de4555eb76612015?cid=3aae041578b64519942b572adc41f54b,TRUE,1,track,spotify:track:1ZLrDPgR7mvuTco3rQK8Pk,single,https://api.spotify.com/v1/albums/13aeLAMXve4Jxd8mNKu068,13aeLAMXve4Jxd8mNKu068,Way Back Home (feat. Conor Maynard) [Sam Feldt Edit],2018-12-21,day,1,album,spotify:album:13aeLAMXve4Jxd8mNKu068,https://open.spotify.com/album/13aeLAMXve4Jxd8mNKu068,NLZ541801807,https://open.spotify.com/track/1ZLrDPgR7mvuTco3rQK8Pk,NA,A#,major,A# major
37i9dQZF1DWTY99d0AYptp,Top K-Pop Artists of 2019,https://i.scdn.co/image/ab67706f00000003cf6cf9223c41a4279770937f,Spotify,spotify,0.737,0.747,10,-4.818,1,0.0323,0.269,0,0.219,0.447,105.943,1ZLrDPgR7mvuTco3rQK8Pk,https://api.spotify.com/v1/audio-analysis/1ZLrDPgR7mvuTco3rQK8Pk,4,2019-12-03T23:01:00Z,FALSE,NA,https://api.spotify.com/v1/users/,,user,spotify:user:,https://open.spotify.com/user/,https://api.spotify.com/v1/artists/20gsENnposVs2I4rQ5kvrf,20gsENnposVs2I4rQ5kvrf,Sam Feldt,artist,spotify:artist:20gsENnposVs2I4rQ5kvrf,https://open.spotify.com/artist/20gsENnposVs2I4rQ5kvrf,1,192452,FALSE,FALSE,https://api.spotify.com/v1/tracks/1ZLrDPgR7mvuTco3rQK8Pk,FALSE,Way Back Home (feat. Conor Maynard) - Sam Feldt Edit,76,https://p.scdn.co/mp3-preview/896792d0b58857cf31638183de4555eb76612015?cid=3aae041578b64519942b572adc41f54b,TRUE,1,track,spotify:track:1ZLrDPgR7mvuTco3rQK8Pk,single,https://api.spotify.com/v1/albums/13aeLAMXve4Jxd8mNKu068,13aeLAMXve4Jxd8mNKu068,Way Back Home (feat. Conor Maynard) [Sam Feldt Edit],2018-12-21,day,1,album,spotify:album:13aeLAMXve4Jxd8mNKu068,https://open.spotify.com/album/13aeLAMXve4Jxd8mNKu068,NLZ541801807,https://open.spotify.com/track/1ZLrDPgR7mvuTco3rQK8Pk,NA,A#,major,A# major
37i9dQZF1DWTY99d0AYptp,Top K-Pop Artists of 2019,https://i.scdn.co/image/ab67706f00000003cf6cf9223c41a4279770937f,Spotify,spotify,0.819,0.674,0,-3.145,1,0.0587,0.0849,0,0.0667,0.682,106.032,4Dr2hJ3EnVh2Aaot6fRwDO,https://api.spotify.com/v1/audio-analysis/4Dr2hJ3EnVh2Aaot6fRwDO,4,2019-12-03T23:01:00Z,FALSE,NA,https://api.spotify.com/v1/users/,,user,spotify:user:,https://open.spotify.com/user/,https://api.spotify.com/v1/artists/3HqSLMAZ3g3d5poNaI7GOU,3HqSLMAZ3g3d5poNaI7GOU,IU,artist,spotify:artist:3HqSLMAZ3g3d5poNaI7GOU,https://open.spotify.com/artist/3HqSLMAZ3g3d5poNaI7GOU,1,217053,FALSE,FALSE,https://api.spotify.com/v1/tracks/4Dr2hJ3EnVh2Aaot6fRwDO,FALSE,Blueming,71,https://p.scdn.co/mp3-preview/51b5694fe01e2f3d10c76ee0895037fec89e1093?cid=3aae041578b64519942b572adc41f54b,TRUE,3,track,spotify:track:4Dr2hJ3EnVh2Aaot6fRwDO,single,https://api.spotify.com/v1/albums/2xEH7SRzJq7LgA0fCtTlxH,2xEH7SRzJq7LgA0fCtTlxH,Love poem,2019-11-18,day,6,album,spotify:album:2xEH7SRzJq7LgA0fCtTlxH,https://open.spotify.com/album/2xEH7SRzJq7LgA0fCtTlxH,KRA381904704,https://open.spotify.com/track/4Dr2hJ3EnVh2Aaot6fRwDO,NA,C,major,C major
37i9dQZF1DWTY99d0AYptp,Top K-Pop Artists of 2019,https://i.scdn.co/image/ab67706f00000003cf6cf9223c41a4279770937f,Spotify,spotify,0.622,0.8,5,-5.819,1,0.0425,0.0505,0,0.0619,0.58,110.977,32h6yQGn4oAhZ0HRsTMX26,https://api.spotify.com/v1/audio-analysis/32h6yQGn4oAhZ0HRsTMX26,4,2019-12-03T23:01:00Z,FALSE,NA,https://api.spotify.com/v1/users/,,user,spotify:user:,https://open.spotify.com/user/,https://api.spotify.com/v1/artists/0ghlgldX5Dd6720Q3qFyQB,0ghlgldX5Dd6720Q3qFyQB,TOMORROW X TOGETHER,artist,spotify:artist:0ghlgldX5Dd6720Q3qFyQB,https://open.spotify.com/artist/0ghlgldX5Dd6720Q3qFyQB,1,230706,FALSE,FALSE,https://api.spotify.com/v1/tracks/32h6yQGn4oAhZ0HRsTMX26,FALSE,CROWN,70,NA,TRUE,2,track,spotify:track:32h6yQGn4oAhZ0HRsTMX26,single,https://api.spotify.com/v1/albums/2EUGHPf9UCnInxJ8p7gDVg,2EUGHPf9UCnInxJ8p7gDVg,The Dream Chapter: STAR,2019-03-04,day,5,album,spotify:album:2EUGHPf9UCnInxJ8p7gDVg,https://open.spotify.com/album/2EUGHPf9UCnInxJ8p7gDVg,USUG11900595,https://open.spotify.com/track/32h6yQGn4oAhZ0HRsTMX26,NA,F,major,F major
37i9dQZF1DWTY99d0AYptp,Top K-Pop Artists of 2019,https://i.scdn.co/image/ab67706f00000003cf6cf9223c41a4279770937f,Spotify,spotify,0.587,0.664,0,-8.63,1,0.0645,0.344,2.47e-5,0.324,0.453,99.8,73ipE4lfZ53pvBbJPXkiEK,https://api.spotify.com/v1/audio-analysis/73ipE4lfZ53pvBbJPXkiEK,4,2019-12-03T23:01:00Z,FALSE,NA,https://api.spotify.com/v1/users/,,user,spotify:user:,https://open.spotify.com/user/,https://api.spotify.com/v1/artists/2auC28zjQyVTsiZKNgPRGs,2auC28zjQyVTsiZKNgPRGs,RM,artist,spotify:artist:2auC28zjQyVTsiZKNgPRGs,https://open.spotify.com/artist/2auC28zjQyVTsiZKNgPRGs,1,275954,FALSE,FALSE,https://api.spotify.com/v1/tracks/73ipE4lfZ53pvBbJPXkiEK,FALSE,seoul (prod. HONNE),71,https://p.scdn.co/mp3-preview/38afbd1c23dd8420b0645b67a73479ca4f9e37f1?cid=3aae041578b64519942b572adc41f54b,TRUE,2,track,spotify:track:73ipE4lfZ53pvBbJPXkiEK,album,https://api.spotify.com/v1/albums/0XqAZHNx0xJDObehTI2587,0XqAZHNx0xJDObehTI2587,mono.,2018-10-22,day,7,album,spotify:album:0XqAZHNx0xJDObehTI2587,https://open.spotify.com/album/0XqAZHNx0xJDObehTI2587,QM6P41828291,https://open.spotify.com/track/73ipE4lfZ53pvBbJPXkiEK,NA,C,major,C major
37i9dQZF1DWTY99d0AYptp,Top K-Pop Artists of 2019,https://i.scdn.co/image/ab67706f00000003cf6cf9223c41a4279770937f,Spotify,spotify,0.752,0.642,3,-5.165,0,0.0869,0.0861,0,0.0953,0.388,95.043,2XIaetAZTyR7oQfHh8DZ2B,https://api.spotify.com/v1/audio-analysis/2XIaetAZTyR7oQfHh8DZ2B,4,2019-12-03T23:01:00Z,FALSE,NA,https://api.spotify.com/v1/users/,,user,spotify:user:,https://open.spotify.com/user/,https://api.spotify.com/v1/artists/250b0Wlc5Vk0CoUsaCY84M,250b0Wlc5Vk0CoUsaCY84M,JENNIE,artist,spotify:artist:250b0Wlc5Vk0CoUsaCY84M,https://open.spotify.com/artist/250b0Wlc5Vk0CoUsaCY84M,1,169566,FALSE,FALSE,https://api.spotify.com/v1/tracks/2XIaetAZTyR7oQfHh8DZ2B,FALSE,SOLO,71,https://p.scdn.co/mp3-preview/a74368c68c3d13208e660929f733a18409f8722b?cid=3aae041578b64519942b572adc41f54b,TRUE,1,track,spotify:track:2XIaetAZTyR7oQfHh8DZ2B,single,https://api.spotify.com/v1/albums/68GNh1ZjfSewE8uBCH3UnR,68GNh1ZjfSewE8uBCH3UnR,SOLO,2018-11-12,day,1,album,spotify:album:68GNh1ZjfSewE8uBCH3UnR,https://open.spotify.com/album/68GNh1ZjfSewE8uBCH3UnR,KRA401800139,https://open.spotify.com/track/2XIaetAZTyR7oQfHh8DZ2B,NA,D#,minor,D# minor
37i9dQZF1DWTY99d0AYptp,Top K-Pop Artists of 2019,https://i.scdn.co/image/ab67706f00000003cf6cf9223c41a4279770937f,Spotify,spotify,0.572,0.964,4,-1.949,0,0.123,0.0503,0,0.372,0.519,129.979,6k67RdkVjTZj79c1cRz7IQ,https://api.spotify.com/v1/audio-analysis/6k67RdkVjTZj79c1cRz7IQ,4,2019-12-03T23:01:00Z,FALSE,NA,https://api.spotify.com/v1/users/,,user,spotify:user:,https://open.spotify.com/user/,https://api.spotify.com/v1/artists/68KmkJeZGfwe1OUaivBa2L,68KmkJeZGfwe1OUaivBa2L,ATEEZ,artist,spotify:artist:68KmkJeZGfwe1OUaivBa2L,https://open.spotify.com/artist/68KmkJeZGfwe1OUaivBa2L,1,199013,FALSE,FALSE,https://api.spotify.com/v1/tracks/6k67RdkVjTZj79c1cRz7IQ,FALSE,WONDERLAND,69,https://p.scdn.co/mp3-preview/2053da08535ff537dc542c1e4e0d0f534f946827?cid=3aae041578b64519942b572adc41f54b,TRUE,2,track,spotify:track:6k67RdkVjTZj79c1cRz7IQ,album,https://api.spotify.com/v1/albums/4HGhzqQEY1X6WWZw6MhjlO,4HGhzqQEY1X6WWZw6MhjlO,TREASURE EP.FIN: All To Action,2019-10-08,day,11,album,spotify:album:4HGhzqQEY1X6WWZw6MhjlO,https://open.spotify.com/album/4HGhzqQEY1X6WWZw6MhjlO,KRD441900018,https://open.spotify.com/track/6k67RdkVjTZj79c1cRz7IQ,NA,E,minor,E minor
37i9dQZF1DWTY99d0AYptp,Top K-Pop Artists of 2019,https://i.scdn.co/image/ab67706f00000003cf6cf9223c41a4279770937f,Spotify,spotify,0.801,0.904,2,-2.819,1,0.0834,0.0324,3.1e-5,0.182,0.814,124.979,7zFBtYAVURF3bUVqEQ6UUu,https://api.spotify.com/v1/audio-analysis/7zFBtYAVURF3bUVqEQ6UUu,4,2019-12-03T23:01:00Z,FALSE,NA,https://api.spotify.com/v1/users/,,user,spotify:user:,https://open.spotify.com/user/,https://api.spotify.com/v1/artists/2KC9Qb60EaY0kW4eH68vr3,2KC9Qb60EaY0kW4eH68vr3,ITZY,artist,spotify:artist:2KC9Qb60EaY0kW4eH68vr3,https://open.spotify.com/artist/2KC9Qb60EaY0kW4eH68vr3,1,191142,FALSE,FALSE,https://api.spotify.com/v1/tracks/7zFBtYAVURF3bUVqEQ6UUu,FALSE,ICY,70,https://p.scdn.co/mp3-preview/118a0dea24f229f51ffff23a9d334cf5714dbaf6?cid=3aae041578b64519942b572adc41f54b,TRUE,1,track,spotify:track:7zFBtYAVURF3bUVqEQ6UUu,single,https://api.spotify.com/v1/albums/2y2Nuvvw5xNDYOunTSsgf1,2y2Nuvvw5xNDYOunTSsgf1,IT'z ICY,2019-07-29,day,5,album,spotify:album:2y2Nuvvw5xNDYOunTSsgf1,https://open.spotify.com/album/2y2Nuvvw5xNDYOunTSsgf1,US5TA1900067,https://open.spotify.com/track/7zFBtYAVURF3bUVqEQ6UUu,NA,D,major,D major
37i9dQZF1DWTY99d0AYptp,Top K-Pop Artists of 2019,https://i.scdn.co/image/ab67706f00000003cf6cf9223c41a4279770937f,Spotify,spotify,0.914,0.516,5,-4.178,0,0.0918,0.131,0,0.0441,0.702,119.969,6rcn967QN5JtkPOBDwYIuT,https://api.spotify.com/v1/audio-analysis/6rcn967QN5JtkPOBDwYIuT,4,2019-12-03T23:01:00Z,FALSE,NA,https://api.spotify.com/v1/users/,,user,spotify:user:,https://open.spotify.com/user/,https://api.spotify.com/v1/artists/1gBUSTR3TyDdTVFIaQnc02,1gBUSTR3TyDdTVFIaQnc02,NCT DREAM,artist,spotify:artist:1gBUSTR3TyDdTVFIaQnc02,https://open.spotify.com/artist/1gBUSTR3TyDdTVFIaQnc02,1,195080,FALSE,FALSE,https://api.spotify.com/v1/tracks/6rcn967QN5JtkPOBDwYIuT,FALSE,BOOM,69,https://p.scdn.co/mp3-preview/501b79cf83e0078e75222bfc7e75cd14aca7384f?cid=3aae041578b64519942b572adc41f54b,TRUE,1,track,spotify:track:6rcn967QN5JtkPOBDwYIuT,single,https://api.spotify.com/v1/albums/31ln9LpD1WyhFlOvDp9YJc,31ln9LpD1WyhFlOvDp9YJc,We Boom - The 3rd Mini Album,2019-07-26,day,6,album,spotify:album:31ln9LpD1WyhFlOvDp9YJc,https://open.spotify.com/album/31ln9LpD1WyhFlOvDp9YJc,KRA301900318,https://open.spotify.com/track/6rcn967QN5JtkPOBDwYIuT,NA,F,minor,F minor
37i9dQZF1DWTY99d0AYptp,Top K-Pop Artists of 2019,https://i.scdn.co/image/ab67706f00000003cf6cf9223c41a4279770937f,Spotify,spotify,0.7,0.806,11,-4.818,0,0.0491,0.00132,0,0.0579,0.616,110.016,6sWd8ZAH5bWWyjwb7ZV2Zb,https://api.spotify.com/v1/audio-analysis/6sWd8ZAH5bWWyjwb7ZV2Zb,4,2019-12-03T23:01:00Z,FALSE,NA,https://api.spotify.com/v1/users/,,user,spotify:user:,https://open.spotify.com/user/,https://api.spotify.com/v1/artists/6MoXcK2GyGg7FIyxPU5yW6,6MoXcK2GyGg7FIyxPU5yW6,SUNMI,artist,spotify:artist:6MoXcK2GyGg7FIyxPU5yW6,https://open.spotify.com/artist/6MoXcK2GyGg7FIyxPU5yW6,1,174880,FALSE,FALSE,https://api.spotify.com/v1/tracks/6sWd8ZAH5bWWyjwb7ZV2Zb,FALSE,LALALAY 날라리,63,https://p.scdn.co/mp3-preview/c0af4ce720fa6600801b72e16f72fbf57d49b551?cid=3aae041578b64519942b572adc41f54b,TRUE,1,track,spotify:track:6sWd8ZAH5bWWyjwb7ZV2Zb,single,https://api.spotify.com/v1/albums/1hgIt7Jq6m1zVfT1TzUQzs,1hgIt7Jq6m1zVfT1TzUQzs,LALALAY 날라리,2019-08-27,day,1,album,spotify:album:1hgIt7Jq6m1zVfT1TzUQzs,https://open.spotify.com/album/1hgIt7Jq6m1zVfT1TzUQzs,KRMIM1914771,https://open.spotify.com/track/6sWd8ZAH5bWWyjwb7ZV2Zb,NA,B,minor,B minor
37i9dQZF1DWTY99d0AYptp,Top K-Pop Artists of 2019,https://i.scdn.co/image/ab67706f00000003cf6cf9223c41a4279770937f,Spotify,spotify,0.832,0.65,2,-4.553,1,0.212,0.0076,1.3e-5,0.121,0.57,167.943,4PBYhNbFFXPcwXYUCMUTeF,https://api.spotify.com/v1/audio-analysis/4PBYhNbFFXPcwXYUCMUTeF,4,2019-12-03T23:01:00Z,FALSE,NA,https://api.spotify.com/v1/users/,,user,spotify:user:,https://open.spotify.com/user/,https://api.spotify.com/v1/artists/4XDi67ZENZcbfKnvMnTYsI,4XDi67ZENZcbfKnvMnTYsI,Jay Park,artist,spotify:artist:4XDi67ZENZcbfKnvMnTYsI,https://open.spotify.com/artist/4XDi67ZENZcbfKnvMnTYsI,1,123280,FALSE,TRUE,https://api.spotify.com/v1/tracks/4PBYhNbFFXPcwXYUCMUTeF,FALSE,K-TOWN,51,NA,TRUE,1,track,spotify:track:4PBYhNbFFXPcwXYUCMUTeF,single,https://api.spotify.com/v1/albums/0djg1pfwluHDX41m0NLmdF,0djg1pfwluHDX41m0NLmdF,K-TOWN,2019-05-17,day,1,album,spotify:album:0djg1pfwluHDX41m0NLmdF,https://open.spotify.com/album/0djg1pfwluHDX41m0NLmdF,QMJMT1902101,https://open.spotify.com/track/4PBYhNbFFXPcwXYUCMUTeF,NA,D,major,D major
37i9dQZF1DWTY99d0AYptp,Top K-Pop Artists of 2019,https://i.scdn.co/image/ab67706f00000003cf6cf9223c41a4279770937f,Spotify,spotify,0.832,0.65,2,-4.553,1,0.212,0.0076,1.3e-5,0.121,0.57,167.943,4PBYhNbFFXPcwXYUCMUTeF,https://api.spotify.com/v1/audio-analysis/4PBYhNbFFXPcwXYUCMUTeF,4,2019-12-03T23:01:00Z,FALSE,NA,https://api.spotify.com/v1/users/,,user,spotify:user:,https://open.spotify.com/user/,https://api.spotify.com/v1/artists/6q3p11nP1p80Ey6LrOOSed,6q3p11nP1p80Ey6LrOOSed,Hit-Boy,artist,spotify:artist:6q3p11nP1p80Ey6LrOOSed,https://open.spotify.com/artist/6q3p11nP1p80Ey6LrOOSed,1,123280,FALSE,TRUE,https://api.spotify.com/v1/tracks/4PBYhNbFFXPcwXYUCMUTeF,FALSE,K-TOWN,51,NA,TRUE,1,track,spotify:track:4PBYhNbFFXPcwXYUCMUTeF,single,https://api.spotify.com/v1/albums/0djg1pfwluHDX41m0NLmdF,0djg1pfwluHDX41m0NLmdF,K-TOWN,2019-05-17,day,1,album,spotify:album:0djg1pfwluHDX41m0NLmdF,https://open.spotify.com/album/0djg1pfwluHDX41m0NLmdF,QMJMT1902101,https://open.spotify.com/track/4PBYhNbFFXPcwXYUCMUTeF,NA,D,major,D major
37i9dQZF1DWTY99d0AYptp,Top K-Pop Artists of 2019,https://i.scdn.co/image/ab67706f00000003cf6cf9223c41a4279770937f,Spotify,spotify,0.715,0.88,7,-2.94,1,0.0685,0.00373,0,0.104,0.669,115.012,0ahbzg4GCq3wJzUM3cjS3N,https://api.spotify.com/v1/audio-analysis/0ahbzg4GCq3wJzUM3cjS3N,4,2019-12-03T23:01:00Z,FALSE,NA,https://api.spotify.com/v1/users/,,user,spotify:user:,https://open.spotify.com/user/,https://api.spotify.com/v1/artists/5r1tUTxVSgvBHnoDuDODPH,5r1tUTxVSgvBHnoDuDODPH,IZ*ONE,artist,spotify:artist:5r1tUTxVSgvBHnoDuDODPH,https://open.spotify.com/artist/5r1tUTxVSgvBHnoDuDODPH,1,200913,FALSE,FALSE,https://api.spotify.com/v1/tracks/0ahbzg4GCq3wJzUM3cjS3N,FALSE,Violeta,64,https://p.scdn.co/mp3-preview/0db91cae17ba808b7b84eb49a48de088343a4c89?cid=3aae041578b64519942b572adc41f54b,TRUE,2,track,spotify:track:0ahbzg4GCq3wJzUM3cjS3N,album,https://api.spotify.com/v1/albums/2UBE2MgNdsGa9OCSbvwdEQ,2UBE2MgNdsGa9OCSbvwdEQ,HEART*IZ,2019-04-01,day,8,album,spotify:album:2UBE2MgNdsGa9OCSbvwdEQ,https://open.spotify.com/album/2UBE2MgNdsGa9OCSbvwdEQ,KRA871900003,https://open.spotify.com/track/0ahbzg4GCq3wJzUM3cjS3N,NA,G,major,G major
37i9dQZF1DWTY99d0AYptp,Top K-Pop Artists of 2019,https://i.scdn.co/image/ab67706f00000003cf6cf9223c41a4279770937f,Spotify,spotify,0.826,0.817,2,-4.081,1,0.0921,0.00502,1.09e-5,0.294,0.168,97.053,6wyr4ReB05D9sJB1Rsmcqo,https://api.spotify.com/v1/audio-analysis/6wyr4ReB05D9sJB1Rsmcqo,4,2019-12-03T23:01:00Z,FALSE,NA,https://api.spotify.com/v1/users/,,user,spotify:user:,https://open.spotify.com/user/,https://api.spotify.com/v1/artists/0b1sIQumIAsNbqAoIClSpy,0b1sIQumIAsNbqAoIClSpy,j-hope,artist,spotify:artist:0b1sIQumIAsNbqAoIClSpy,https://open.spotify.com/artist/0b1sIQumIAsNbqAoIClSpy,1,235497,FALSE,FALSE,https://api.spotify.com/v1/tracks/6wyr4ReB05D9sJB1Rsmcqo,FALSE,Chicken Noodle Soup (feat. Becky G),73,https://p.scdn.co/mp3-preview/dfc669bfa86bec8fe74de00b249fe1c75c748070?cid=3aae041578b64519942b572adc41f54b,TRUE,1,track,spotify:track:6wyr4ReB05D9sJB1Rsmcqo,single,https://api.spotify.com/v1/albums/76IRLp7YzBVLKsat6Ro9ae,76IRLp7YzBVLKsat6Ro9ae,Chicken Noodle Soup (feat. Becky G),2019-09-27,day,1,album,spotify:album:76IRLp7YzBVLKsat6Ro9ae,https://open.spotify.com/album/76IRLp7YzBVLKsat6Ro9ae,QM7281989391,https://open.spotify.com/track/6wyr4ReB05D9sJB1Rsmcqo,NA,D,major,D major
37i9dQZF1DWTY99d0AYptp,Top K-Pop Artists of 2019,https://i.scdn.co/image/ab67706f00000003cf6cf9223c41a4279770937f,Spotify,spotify,0.826,0.817,2,-4.081,1,0.0921,0.00502,1.09e-5,0.294,0.168,97.053,6wyr4ReB05D9sJB1Rsmcqo,https://api.spotify.com/v1/audio-analysis/6wyr4ReB05D9sJB1Rsmcqo,4,2019-12-03T23:01:00Z,FALSE,NA,https://api.spotify.com/v1/users/,,user,spotify:user:,https://open.spotify.com/user/,https://api.spotify.com/v1/artists/4obzFoKoKRHIphyHzJ35G3,4obzFoKoKRHIphyHzJ35G3,Becky G,artist,spotify:artist:4obzFoKoKRHIphyHzJ35G3,https://open.spotify.com/artist/4obzFoKoKRHIphyHzJ35G3,1,235497,FALSE,FALSE,https://api.spotify.com/v1/tracks/6wyr4ReB05D9sJB1Rsmcqo,FALSE,Chicken Noodle Soup (feat. Becky G),73,https://p.scdn.co/mp3-preview/dfc669bfa86bec8fe74de00b249fe1c75c748070?cid=3aae041578b64519942b572adc41f54b,TRUE,1,track,spotify:track:6wyr4ReB05D9sJB1Rsmcqo,single,https://api.spotify.com/v1/albums/76IRLp7YzBVLKsat6Ro9ae,76IRLp7YzBVLKsat6Ro9ae,Chicken Noodle Soup (feat. Becky G),2019-09-27,day,1,album,spotify:album:76IRLp7YzBVLKsat6Ro9ae,https://open.spotify.com/album/76IRLp7YzBVLKsat6Ro9ae,QM7281989391,https://open.spotify.com/track/6wyr4ReB05D9sJB1Rsmcqo,NA,D,major,D major
37i9dQZF1DWTY99d0AYptp,Top K-Pop Artists of 2019,https://i.scdn.co/image/ab67706f00000003cf6cf9223c41a4279770937f,Spotify,spotify,0.768,0.951,0,-4.404,1,0.183,0.0452,0,0.275,0.878,140.026,52ubrjNeYr0bJNuYGmxfpV,https://api.spotify.com/v1/audio-analysis/52ubrjNeYr0bJNuYGmxfpV,4,2019-12-03T23:01:00Z,FALSE,NA,https://api.spotify.com/v1/users/,,user,spotify:user:,https://open.spotify.com/user/,https://api.spotify.com/v1/artists/6gzXCdfYfFe5XKhPKkYqxV,6gzXCdfYfFe5XKhPKkYqxV,SUPER JUNIOR,artist,spotify:artist:6gzXCdfYfFe5XKhPKkYqxV,https://open.spotify.com/artist/6gzXCdfYfFe5XKhPKkYqxV,1,209151,FALSE,FALSE,https://api.spotify.com/v1/tracks/52ubrjNeYr0bJNuYGmxfpV,FALSE,SUPER Clap,55,https://p.scdn.co/mp3-preview/8b58eea005b4dbda67fa9666aaa172770f11abdb?cid=3aae041578b64519942b572adc41f54b,TRUE,2,track,spotify:track:52ubrjNeYr0bJNuYGmxfpV,album,https://api.spotify.com/v1/albums/7jKVdT1syYOuRRWcjo50og,7jKVdT1syYOuRRWcjo50og,Time_Slip - The 9th Album,2019-10-14,day,10,album,spotify:album:7jKVdT1syYOuRRWcjo50og,https://open.spotify.com/album/7jKVdT1syYOuRRWcjo50og,KRA301900442,https://open.spotify.com/track/52ubrjNeYr0bJNuYGmxfpV,NA,C,major,C major
37i9dQZF1DWTY99d0AYptp,Top K-Pop Artists of 2019,https://i.scdn.co/image/ab67706f00000003cf6cf9223c41a4279770937f,Spotify,spotify,0.711,0.848,5,-4.333,0,0.0359,0.421,0,0.235,0.728,115.988,5r8b02M37428Axrmya9Nrv,https://api.spotify.com/v1/audio-analysis/5r8b02M37428Axrmya9Nrv,4,2019-12-03T23:01:00Z,FALSE,NA,https://api.spotify.com/v1/users/,,user,spotify:user:,https://open.spotify.com/user/,https://api.spotify.com/v1/artists/5DuzBeOgFwViFcv00Q5PFb,5DuzBeOgFwViFcv00Q5PFb,WINNER,artist,spotify:artist:5DuzBeOgFwViFcv00Q5PFb,https://open.spotify.com/artist/5DuzBeOgFwViFcv00Q5PFb,1,198277,FALSE,FALSE,https://api.spotify.com/v1/tracks/5r8b02M37428Axrmya9Nrv,FALSE,SOSO,51,https://p.scdn.co/mp3-preview/40c4d540e214da9453780f8c50da4798a190507f?cid=3aae041578b64519942b572adc41f54b,TRUE,1,track,spotify:track:5r8b02M37428Axrmya9Nrv,single,https://api.spotify.com/v1/albums/3oDUvgzEoNkQfC0UCWHIPD,3oDUvgzEoNkQfC0UCWHIPD,CROSS,2019-10-23,day,6,album,spotify:album:3oDUvgzEoNkQfC0UCWHIPD,https://open.spotify.com/album/3oDUvgzEoNkQfC0UCWHIPD,KRA401900228,https://open.spotify.com/track/5r8b02M37428Axrmya9Nrv,NA,F,minor,F minor
37i9dQZF1DWTY99d0AYptp,Top K-Pop Artists of 2019,https://i.scdn.co/image/ab67706f00000003cf6cf9223c41a4279770937f,Spotify,spotify,0.764,0.836,1,-2.868,1,0.0396,0.208,0,0.234,0.51,111.934,7qDbAc6xMW07T7yyMnQqS8,https://api.spotify.com/v1/audio-analysis/7qDbAc6xMW07T7yyMnQqS8,4,2019-12-03T23:01:00Z,FALSE,NA,https://api.spotify.com/v1/users/,,user,spotify:user:,https://open.spotify.com/user/,https://api.spotify.com/v1/artists/0qlWcS66ohOIi0M8JZwPft,0qlWcS66ohOIi0M8JZwPft,GFRIEND,artist,spotify:artist:0qlWcS66ohOIi0M8JZwPft,https://open.spotify.com/artist/0qlWcS66ohOIi0M8JZwPft,1,214293,FALSE,FALSE,https://api.spotify.com/v1/tracks/7qDbAc6xMW07T7yyMnQqS8,FALSE,Fever,61,https://p.scdn.co/mp3-preview/1c3c6b37c638107413dbd353190bb4b914b1e85a?cid=3aae041578b64519942b572adc41f54b,TRUE,1,track,spotify:track:7qDbAc6xMW07T7yyMnQqS8,single,https://api.spotify.com/v1/albums/653wpLLPgri15mVNwJOTVR,653wpLLPgri15mVNwJOTVR,GFRIEND The 7th Mini Album `FEVER SEASON`,2019-07-01,day,8,album,spotify:album:653wpLLPgri15mVNwJOTVR,https://open.spotify.com/album/653wpLLPgri15mVNwJOTVR,KRA381903439,https://open.spotify.com/track/7qDbAc6xMW07T7yyMnQqS8,NA,C#,major,C# major
37i9dQZF1DWTY99d0AYptp,Top K-Pop Artists of 2019,https://i.scdn.co/image/ab67706f00000003cf6cf9223c41a4279770937f,Spotify,spotify,0.463,0.566,8,-6.195,1,0.145,0.196,0,0.284,0.219,93.921,6z1kLsntE7FuzKZHZWrXYN,https://api.spotify.com/v1/audio-analysis/6z1kLsntE7FuzKZHZWrXYN,4,2019-12-03T23:01:00Z,FALSE,NA,https://api.spotify.com/v1/users/,,user,spotify:user:,https://open.spotify.com/user/,https://api.spotify.com/v1/artists/3eCd0TZrBPm2n9cDG6yWfF,3eCd0TZrBPm2n9cDG6yWfF,DEAN,artist,spotify:artist:3eCd0TZrBPm2n9cDG6yWfF,https://open.spotify.com/artist/3eCd0TZrBPm2n9cDG6yWfF,1,255728,FALSE,FALSE,https://api.spotify.com/v1/tracks/6z1kLsntE7FuzKZHZWrXYN,FALSE,instagram,70,NA,TRUE,1,track,spotify:track:6z1kLsntE7FuzKZHZWrXYN,single,https://api.spotify.com/v1/albums/1wW2yfORAbOEfn2Et1q687,1wW2yfORAbOEfn2Et1q687,instagram,2017-12-26,day,1,album,spotify:album:1wW2yfORAbOEfn2Et1q687,https://open.spotify.com/album/1wW2yfORAbOEfn2Et1q687,KRUM71700353,https://open.spotify.com/track/6z1kLsntE7FuzKZHZWrXYN,NA,G#,major,G# major
37i9dQZF1DWTY99d0AYptp,Top K-Pop Artists of 2019,https://i.scdn.co/image/ab67706f00000003cf6cf9223c41a4279770937f,Spotify,spotify,0.523,0.864,10,-4.746,0,0.359,0.106,4.54e-4,0.0672,0.247,142.11,1qq7YnBOcXtfX3tCCMJllG,https://api.spotify.com/v1/audio-analysis/1qq7YnBOcXtfX3tCCMJllG,4,2019-12-03T23:01:00Z,FALSE,NA,https://api.spotify.com/v1/users/,,user,spotify:user:,https://open.spotify.com/user/,https://api.spotify.com/v1/artists/48eO052eSDcn8aTxiv6QaG,48eO052eSDcn8aTxiv6QaG,NCT,artist,spotify:artist:48eO052eSDcn8aTxiv6QaG,https://open.spotify.com/artist/48eO052eSDcn8aTxiv6QaG,1,197980,FALSE,FALSE,https://api.spotify.com/v1/tracks/1qq7YnBOcXtfX3tCCMJllG,FALSE,Black on Black,62,https://p.scdn.co/mp3-preview/9ad5360c5f5c82e4effd155a0d0f63598cfc2705?cid=3aae041578b64519942b572adc41f54b,TRUE,7,track,spotify:track:1qq7YnBOcXtfX3tCCMJllG,album,https://api.spotify.com/v1/albums/3KAJvo62RNQEtXwIyB5rzX,3KAJvo62RNQEtXwIyB5rzX,NCT 2018 EMPATHY,2018-03-14,day,14,album,spotify:album:3KAJvo62RNQEtXwIyB5rzX,https://open.spotify.com/album/3KAJvo62RNQEtXwIyB5rzX,KRA301800105,https://open.spotify.com/track/1qq7YnBOcXtfX3tCCMJllG,NA,A#,minor,A# minor
37i9dQZF1DWTY99d0AYptp,Top K-Pop Artists of 2019,https://i.scdn.co/image/ab67706f00000003cf6cf9223c41a4279770937f,Spotify,spotify,0.523,0.864,10,-4.746,0,0.359,0.106,4.54e-4,0.0672,0.247,142.11,1qq7YnBOcXtfX3tCCMJllG,https://api.spotify.com/v1/audio-analysis/1qq7YnBOcXtfX3tCCMJllG,4,2019-12-03T23:01:00Z,FALSE,NA,https://api.spotify.com/v1/users/,,user,spotify:user:,https://open.spotify.com/user/,https://api.spotify.com/v1/artists/7c1gShRDfvdV0zlflJDOdZ,7c1gShRDfvdV0zlflJDOdZ,NCT 2018,artist,spotify:artist:7c1gShRDfvdV0zlflJDOdZ,https://open.spotify.com/artist/7c1gShRDfvdV0zlflJDOdZ,1,197980,FALSE,FALSE,https://api.spotify.com/v1/tracks/1qq7YnBOcXtfX3tCCMJllG,FALSE,Black on Black,62,https://p.scdn.co/mp3-preview/9ad5360c5f5c82e4effd155a0d0f63598cfc2705?cid=3aae041578b64519942b572adc41f54b,TRUE,7,track,spotify:track:1qq7YnBOcXtfX3tCCMJllG,album,https://api.spotify.com/v1/albums/3KAJvo62RNQEtXwIyB5rzX,3KAJvo62RNQEtXwIyB5rzX,NCT 2018 EMPATHY,2018-03-14,day,14,album,spotify:album:3KAJvo62RNQEtXwIyB5rzX,https://open.spotify.com/album/3KAJvo62RNQEtXwIyB5rzX,KRA301800105,https://open.spotify.com/track/1qq7YnBOcXtfX3tCCMJllG,NA,A#,minor,A# minor
37i9dQZF1DWTY99d0AYptp,Top K-Pop Artists of 2019,https://i.scdn.co/image/ab67706f00000003cf6cf9223c41a4279770937f,Spotify,spotify,0.856,0.946,0,-2.238,1,0.0958,0.11,8.98e-5,0.124,0.896,139.986,5rEkbyBhnuVXLfe6yp8f3b,https://api.spotify.com/v1/audio-analysis/5rEkbyBhnuVXLfe6yp8f3b,4,2019-12-03T23:01:00Z,FALSE,NA,https://api.spotify.com/v1/users/,,user,spotify:user:,https://open.spotify.com/user/,https://api.spotify.com/v1/artists/5RR0MLwcjc87wjSw2JYdwx,5RR0MLwcjc87wjSw2JYdwx,MOMOLAND,artist,spotify:artist:5RR0MLwcjc87wjSw2JYdwx,https://open.spotify.com/artist/5RR0MLwcjc87wjSw2JYdwx,1,134101,FALSE,FALSE,https://api.spotify.com/v1/tracks/5rEkbyBhnuVXLfe6yp8f3b,FALSE,BANANA CHACHA,50,https://p.scdn.co/mp3-preview/838169420744e3fd5d5f0c789ca1f89b8ba9eb96?cid=3aae041578b64519942b572adc41f54b,TRUE,1,track,spotify:track:5rEkbyBhnuVXLfe6yp8f3b,single,https://api.spotify.com/v1/albums/7ddX2r1TPT08eiSMUlCx8H,7ddX2r1TPT08eiSMUlCx8H,BANANA CHACHA,2019-04-03,day,2,album,spotify:album:7ddX2r1TPT08eiSMUlCx8H,https://open.spotify.com/album/7ddX2r1TPT08eiSMUlCx8H,KRA381901480,https://open.spotify.com/track/5rEkbyBhnuVXLfe6yp8f3b,NA,C,major,C major
37i9dQZF1DWTY99d0AYptp,Top K-Pop Artists of 2019,https://i.scdn.co/image/ab67706f00000003cf6cf9223c41a4279770937f,Spotify,spotify,0.582,0.866,7,-4.139,0,0.0414,0.0427,1.4e-4,0.126,0.351,107.021,5jhYykolbcG1T9wZSyvhp5,https://api.spotify.com/v1/audio-analysis/5jhYykolbcG1T9wZSyvhp5,4,2019-12-03T23:01:00Z,FALSE,NA,https://api.spotify.com/v1/users/,,user,spotify:user:,https://open.spotify.com/user/,https://api.spotify.com/v1/artists/52zMTJCKluDlFwMQWmccY7,52zMTJCKluDlFwMQWmccY7,LOONA,artist,spotify:artist:52zMTJCKluDlFwMQWmccY7,https://open.spotify.com/artist/52zMTJCKluDlFwMQWmccY7,1,237756,FALSE,FALSE,https://api.spotify.com/v1/tracks/5jhYykolbcG1T9wZSyvhp5,FALSE,Butterfly,64,https://p.scdn.co/mp3-preview/3a6cf5f0bd473e4b1ef45e4036a93dbbce4f6ad3?cid=3aae041578b64519942b572adc41f54b,TRUE,2,track,spotify:track:5jhYykolbcG1T9wZSyvhp5,single,https://api.spotify.com/v1/albums/2Ij6998NUjQ0BkQ2ipqiET,2Ij6998NUjQ0BkQ2ipqiET,[X X],2019-02-19,day,6,album,spotify:album:2Ij6998NUjQ0BkQ2ipqiET,https://open.spotify.com/album/2Ij6998NUjQ0BkQ2ipqiET,KRA381900458,https://open.spotify.com/track/5jhYykolbcG1T9wZSyvhp5,NA,G,minor,G minor
37i9dQZF1DWTY99d0AYptp,Top K-Pop Artists of 2019,https://i.scdn.co/image/ab67706f00000003cf6cf9223c41a4279770937f,Spotify,spotify,0.709,0.911,7,-2.611,1,0.0593,0.0572,4.73e-6,0.0732,0.779,106.972,0dSE54vYYvRNWzVTxE2xTL,https://api.spotify.com/v1/audio-analysis/0dSE54vYYvRNWzVTxE2xTL,4,2019-12-03T23:01:00Z,FALSE,NA,https://api.spotify.com/v1/users/,,user,spotify:user:,https://open.spotify.com/user/,https://api.spotify.com/v1/artists/1xs6WFotNQSXweo0GXrS0O,1xs6WFotNQSXweo0GXrS0O,EXID,artist,spotify:artist:1xs6WFotNQSXweo0GXrS0O,https://open.spotify.com/artist/1xs6WFotNQSXweo0GXrS0O,1,203506,FALSE,FALSE,https://api.spotify.com/v1/tracks/0dSE54vYYvRNWzVTxE2xTL,FALSE,Me & You,55,https://p.scdn.co/mp3-preview/09e6061c1c5ce9c60d4be03c5574a18f1b820398?cid=3aae041578b64519942b572adc41f54b,TRUE,1,track,spotify:track:0dSE54vYYvRNWzVTxE2xTL,album,https://api.spotify.com/v1/albums/6Epnn9sgvvUrHdEf7JKjQb,6Epnn9sgvvUrHdEf7JKjQb,WE,2019-05-15,day,7,album,spotify:album:6Epnn9sgvvUrHdEf7JKjQb,https://open.spotify.com/album/6Epnn9sgvvUrHdEf7JKjQb,KRB461900316,https://open.spotify.com/track/0dSE54vYYvRNWzVTxE2xTL,NA,G,major,G major
37i9dQZF1DWTY99d0AYptp,Top K-Pop Artists of 2019,https://i.scdn.co/image/ab67706f00000003cf6cf9223c41a4279770937f,Spotify,spotify,0.791,0.674,2,-4.025,1,0.0516,0.168,0,0.0801,0.963,132.985,0m3W71Oliiv3gQWXi2YAmJ,https://api.spotify.com/v1/audio-analysis/0m3W71Oliiv3gQWXi2YAmJ,4,2019-12-03T23:01:00Z,FALSE,NA,https://api.spotify.com/v1/users/,,user,spotify:user:,https://open.spotify.com/user/,https://api.spotify.com/v1/artists/1wKpMkucynaTfG8lyPprYV,1wKpMkucynaTfG8lyPprYV,PENTAGON,artist,spotify:artist:1wKpMkucynaTfG8lyPprYV,https://open.spotify.com/artist/1wKpMkucynaTfG8lyPprYV,1,192613,FALSE,FALSE,https://api.spotify.com/v1/tracks/0m3W71Oliiv3gQWXi2YAmJ,FALSE,Humph!,58,NA,TRUE,1,track,spotify:track:0m3W71Oliiv3gQWXi2YAmJ,single,https://api.spotify.com/v1/albums/4hlhRlDPvdfc7hQoD8gxZ1,4hlhRlDPvdfc7hQoD8gxZ1,SUM(ME:R),2019-07-17,day,4,album,spotify:album:4hlhRlDPvdfc7hQoD8gxZ1,https://open.spotify.com/album/4hlhRlDPvdfc7hQoD8gxZ1,KRA391900029,https://open.spotify.com/track/0m3W71Oliiv3gQWXi2YAmJ,NA,D,major,D major
37i9dQZF1DWTY99d0AYptp,Top K-Pop Artists of 2019,https://i.scdn.co/image/ab67706f00000003cf6cf9223c41a4279770937f,Spotify,spotify,0.64,0.757,7,-5.532,1,0.0689,0.0261,0,0.127,0.413,104.943,0aLG42zaidNkblhiQgJknP,https://api.spotify.com/v1/audio-analysis/0aLG42zaidNkblhiQgJknP,4,2019-12-03T23:01:00Z,FALSE,NA,https://api.spotify.com/v1/users/,,user,spotify:user:,https://open.spotify.com/user/,https://api.spotify.com/v1/artists/13rF01aOogvnkuQXOlgTW8,13rF01aOogvnkuQXOlgTW8,TAEMIN,artist,spotify:artist:13rF01aOogvnkuQXOlgTW8,https://open.spotify.com/artist/13rF01aOogvnkuQXOlgTW8,1,208967,FALSE,FALSE,https://api.spotify.com/v1/tracks/0aLG42zaidNkblhiQgJknP,FALSE,WANT,61,https://p.scdn.co/mp3-preview/e9e8dfdc8b8396e12a0a5a4addf4f3f525b6d972?cid=3aae041578b64519942b572adc41f54b,TRUE,1,track,spotify:track:0aLG42zaidNkblhiQgJknP,album,https://api.spotify.com/v1/albums/7E01VOJ7gyYPz9HXUVeQeq,7E01VOJ7gyYPz9HXUVeQeq,WANT - The 2nd Mini Album,2019-02-11,day,7,album,spotify:album:7E01VOJ7gyYPz9HXUVeQeq,https://open.spotify.com/album/7E01VOJ7gyYPz9HXUVeQeq,KRA301900087,https://open.spotify.com/track/0aLG42zaidNkblhiQgJknP,NA,G,major,G major
37i9dQZF1DWTY99d0AYptp,Top K-Pop Artists of 2019,https://i.scdn.co/image/ab67706f00000003cf6cf9223c41a4279770937f,Spotify,spotify,0.595,0.631,7,-3.533,1,0.0657,0.539,0,0.0786,0.533,195.991,0jnUqXkSxqe8hLkPVfzIjz,https://api.spotify.com/v1/audio-analysis/0jnUqXkSxqe8hLkPVfzIjz,4,2019-12-03T23:01:00Z,FALSE,NA,https://api.spotify.com/v1/users/,,user,spotify:user:,https://open.spotify.com/user/,https://api.spotify.com/v1/artists/4k5fFEYgkWYrYvtOK3zVBl,4k5fFEYgkWYrYvtOK3zVBl,BOL4,artist,spotify:artist:4k5fFEYgkWYrYvtOK3zVBl,https://open.spotify.com/artist/4k5fFEYgkWYrYvtOK3zVBl,1,217044,FALSE,FALSE,https://api.spotify.com/v1/tracks/0jnUqXkSxqe8hLkPVfzIjz,FALSE,Bom,58,https://p.scdn.co/mp3-preview/76d60963956df4e6000c7a67a8bd11ddcbbc5ded?cid=3aae041578b64519942b572adc41f54b,TRUE,2,track,spotify:track:0jnUqXkSxqe8hLkPVfzIjz,single,https://api.spotify.com/v1/albums/4pR0eatWzDISWS8LHv5dzZ,4pR0eatWzDISWS8LHv5dzZ,Puberty BookⅠ Bom,2019-04-02,day,5,album,spotify:album:4pR0eatWzDISWS8LHv5dzZ,https://open.spotify.com/album/4pR0eatWzDISWS8LHv5dzZ,KRA381901473,https://open.spotify.com/track/0jnUqXkSxqe8hLkPVfzIjz,NA,G,major,G major
37i9dQZF1DWTY99d0AYptp,Top K-Pop Artists of 2019,https://i.scdn.co/image/ab67706f00000003cf6cf9223c41a4279770937f,Spotify,spotify,0.714,0.886,0,-3.076,1,0.0461,0.058,0,0.112,0.752,125.046,3NkkcnnKrNHv4AiGaPdD76,https://api.spotify.com/v1/audio-analysis/3NkkcnnKrNHv4AiGaPdD76,4,2019-12-03T23:01:00Z,FALSE,NA,https://api.spotify.com/v1/users/,,user,spotify:user:,https://open.spotify.com/user/,https://api.spotify.com/v1/artists/2CvaqAMMsX576VBehaJ0Wx,2CvaqAMMsX576VBehaJ0Wx,Wanna One,artist,spotify:artist:2CvaqAMMsX576VBehaJ0Wx,https://open.spotify.com/artist/2CvaqAMMsX576VBehaJ0Wx,1,189355,FALSE,FALSE,https://api.spotify.com/v1/tracks/3NkkcnnKrNHv4AiGaPdD76,FALSE,Energetic,61,https://p.scdn.co/mp3-preview/e07bda6bdb8667634a13c8ecbebb0c2595daabc9?cid=3aae041578b64519942b572adc41f54b,TRUE,8,track,spotify:track:3NkkcnnKrNHv4AiGaPdD76,album,https://api.spotify.com/v1/albums/0fxMTiQG9ym37gYmIXgqG8,0fxMTiQG9ym37gYmIXgqG8,1-1=0 (NOTHING WITHOUT YOU),2017-11-13,day,10,album,spotify:album:0fxMTiQG9ym37gYmIXgqG8,https://open.spotify.com/album/0fxMTiQG9ym37gYmIXgqG8,KRA491700108,https://open.spotify.com/track/3NkkcnnKrNHv4AiGaPdD76,NA,C,major,C major
37i9dQZF1DWTY99d0AYptp,Top K-Pop Artists of 2019,https://i.scdn.co/image/ab67706f00000003cf6cf9223c41a4279770937f,Spotify,spotify,0.678,0.809,8,-4.162,1,0.0598,0.0383,0,0.243,0.561,119.979,3mjfQvA5gAV6XnH0ZWnIyI,https://api.spotify.com/v1/audio-analysis/3mjfQvA5gAV6XnH0ZWnIyI,4,2019-12-03T23:01:00Z,FALSE,NA,https://api.spotify.com/v1/users/,,user,spotify:user:,https://open.spotify.com/user/,https://api.spotify.com/v1/artists/2hRQKC0gqlZGPrmUKbcchR,2hRQKC0gqlZGPrmUKbcchR,SHINee,artist,spotify:artist:2hRQKC0gqlZGPrmUKbcchR,https://open.spotify.com/artist/2hRQKC0gqlZGPrmUKbcchR,1,223514,FALSE,FALSE,https://api.spotify.com/v1/tracks/3mjfQvA5gAV6XnH0ZWnIyI,FALSE,Good Evening,54,https://p.scdn.co/mp3-preview/ba66435296fabb745df253eb5827653e8f4213e4?cid=3aae041578b64519942b572adc41f54b,TRUE,3,track,spotify:track:3mjfQvA5gAV6XnH0ZWnIyI,album,https://api.spotify.com/v1/albums/0myFUTLsIg4SKyAanKrM3f,0myFUTLsIg4SKyAanKrM3f,The Story of Light' Epilogue - The 6th Album,2018-09-10,day,16,album,spotify:album:0myFUTLsIg4SKyAanKrM3f,https://open.spotify.com/album/0myFUTLsIg4SKyAanKrM3f,KRA301800363,https://open.spotify.com/track/3mjfQvA5gAV6XnH0ZWnIyI,NA,G#,major,G# major
37i9dQZF1DWTY99d0AYptp,Top K-Pop Artists of 2019,https://i.scdn.co/image/ab67706f00000003cf6cf9223c41a4279770937f,Spotify,spotify,0.633,0.706,10,-5.137,0,0.0627,5.87e-4,0.0795,0.245,0.399,128.187,5uHl2eYaITSX6xEX8bmaXy,https://api.spotify.com/v1/audio-analysis/5uHl2eYaITSX6xEX8bmaXy,4,2019-12-03T23:01:00Z,FALSE,NA,https://api.spotify.com/v1/users/,,user,spotify:user:,https://open.spotify.com/user/,https://api.spotify.com/v1/artists/3ZZzT0naD25RhY2uZvIKkJ,3ZZzT0naD25RhY2uZvIKkJ,EVERGLOW,artist,spotify:artist:3ZZzT0naD25RhY2uZvIKkJ,https://open.spotify.com/artist/3ZZzT0naD25RhY2uZvIKkJ,1,189146,FALSE,FALSE,https://api.spotify.com/v1/tracks/5uHl2eYaITSX6xEX8bmaXy,FALSE,Adios,70,https://p.scdn.co/mp3-preview/0bfc8c876c5d4ef820828b5a631eaa7460771af2?cid=3aae041578b64519942b572adc41f54b,TRUE,2,track,spotify:track:5uHl2eYaITSX6xEX8bmaXy,single,https://api.spotify.com/v1/albums/7tMpbKXDLlHPSCoPdF2OBv,7tMpbKXDLlHPSCoPdF2OBv,HUSH,2019-08-19,day,3,album,spotify:album:7tMpbKXDLlHPSCoPdF2OBv,https://open.spotify.com/album/7tMpbKXDLlHPSCoPdF2OBv,KRMIM1914433,https://open.spotify.com/track/5uHl2eYaITSX6xEX8bmaXy,NA,A#,minor,A# minor
37i9dQZF1DWTY99d0AYptp,Top K-Pop Artists of 2019,https://i.scdn.co/image/ab67706f00000003cf6cf9223c41a4279770937f,Spotify,spotify,0.79,0.888,10,-3.589,0,0.0479,0.034,4.48e-6,0.0783,0.946,148.028,3aG0gbuvZ1VeVm68d4J6Yq,https://api.spotify.com/v1/audio-analysis/3aG0gbuvZ1VeVm68d4J6Yq,4,2019-12-03T23:01:00Z,FALSE,NA,https://api.spotify.com/v1/users/,,user,spotify:user:,https://open.spotify.com/user/,https://api.spotify.com/v1/artists/6QyO41KctzGc70mVaVnXQO,6QyO41KctzGc70mVaVnXQO,CLC,artist,spotify:artist:6QyO41KctzGc70mVaVnXQO,https://open.spotify.com/artist/6QyO41KctzGc70mVaVnXQO,1,177000,FALSE,FALSE,https://api.spotify.com/v1/tracks/3aG0gbuvZ1VeVm68d4J6Yq,FALSE,Devil,62,NA,TRUE,1,track,spotify:track:3aG0gbuvZ1VeVm68d4J6Yq,single,https://api.spotify.com/v1/albums/1HpLXN8RRy1lHO3jckCTkN,1HpLXN8RRy1lHO3jckCTkN,Devil,2019-09-06,day,1,album,spotify:album:1HpLXN8RRy1lHO3jckCTkN,https://open.spotify.com/album/1HpLXN8RRy1lHO3jckCTkN,KRA391900035,https://open.spotify.com/track/3aG0gbuvZ1VeVm68d4J6Yq,NA,A#,minor,A# minor
37i9dQZF1DWTY99d0AYptp,Top K-Pop Artists of 2019,https://i.scdn.co/image/ab67706f00000003cf6cf9223c41a4279770937f,Spotify,spotify,0.64,0.734,11,-4.67,0,0.0381,0.039,0,0.333,0.308,97.862,77dcmf2tTedc3BuOPF13Ma,https://api.spotify.com/v1/audio-analysis/77dcmf2tTedc3BuOPF13Ma,4,2019-12-03T23:01:00Z,FALSE,NA,https://api.spotify.com/v1/users/,,user,spotify:user:,https://open.spotify.com/user/,https://api.spotify.com/v1/artists/5dCvSnVduaFleCnyy98JMo,5dCvSnVduaFleCnyy98JMo,HEIZE,artist,spotify:artist:5dCvSnVduaFleCnyy98JMo,https://open.spotify.com/artist/5dCvSnVduaFleCnyy98JMo,1,199215,FALSE,FALSE,https://api.spotify.com/v1/tracks/77dcmf2tTedc3BuOPF13Ma,FALSE,We don’t talk together,67,https://p.scdn.co/mp3-preview/91d58aaec3e34106e2760ab2942b0b663e8eae19?cid=3aae041578b64519942b572adc41f54b,TRUE,1,track,spotify:track:77dcmf2tTedc3BuOPF13Ma,single,https://api.spotify.com/v1/albums/3UhnFTXXuvzqttElJWY8of,3UhnFTXXuvzqttElJWY8of,We don’t talk together,2019-07-07,day,1,album,spotify:album:3UhnFTXXuvzqttElJWY8of,https://open.spotify.com/album/3UhnFTXXuvzqttElJWY8of,KRA491900461,https://open.spotify.com/track/77dcmf2tTedc3BuOPF13Ma,NA,B,minor,B minor
37i9dQZF1DWTY99d0AYptp,Top K-Pop Artists of 2019,https://i.scdn.co/image/ab67706f00000003cf6cf9223c41a4279770937f,Spotify,spotify,0.64,0.734,11,-4.67,0,0.0381,0.039,0,0.333,0.308,97.862,77dcmf2tTedc3BuOPF13Ma,https://api.spotify.com/v1/audio-analysis/77dcmf2tTedc3BuOPF13Ma,4,2019-12-03T23:01:00Z,FALSE,NA,https://api.spotify.com/v1/users/,,user,spotify:user:,https://open.spotify.com/user/,https://api.spotify.com/v1/artists/2MtHuR0W2idZdF7x4wddqq,2MtHuR0W2idZdF7x4wddqq,GIRIBOY,artist,spotify:artist:2MtHuR0W2idZdF7x4wddqq,https://open.spotify.com/artist/2MtHuR0W2idZdF7x4wddqq,1,199215,FALSE,FALSE,https://api.spotify.com/v1/tracks/77dcmf2tTedc3BuOPF13Ma,FALSE,We don’t talk together,67,https://p.scdn.co/mp3-preview/91d58aaec3e34106e2760ab2942b0b663e8eae19?cid=3aae041578b64519942b572adc41f54b,TRUE,1,track,spotify:track:77dcmf2tTedc3BuOPF13Ma,single,https://api.spotify.com/v1/albums/3UhnFTXXuvzqttElJWY8of,3UhnFTXXuvzqttElJWY8of,We don’t talk together,2019-07-07,day,1,album,spotify:album:3UhnFTXXuvzqttElJWY8of,https://open.spotify.com/album/3UhnFTXXuvzqttElJWY8of,KRA491900461,https://open.spotify.com/track/77dcmf2tTedc3BuOPF13Ma,NA,B,minor,B minor
37i9dQZF1DWTY99d0AYptp,Top K-Pop Artists of 2019,https://i.scdn.co/image/ab67706f00000003cf6cf9223c41a4279770937f,Spotify,spotify,0.709,0.867,1,-3.258,1,0.0672,0.0406,0,0.275,0.877,120.022,1Bjy9ZtwMle3uhVgoBgiGN,https://api.spotify.com/v1/audio-analysis/1Bjy9ZtwMle3uhVgoBgiGN,4,2019-12-03T23:01:00Z,FALSE,NA,https://api.spotify.com/v1/users/,,user,spotify:user:,https://open.spotify.com/user/,https://api.spotify.com/v1/artists/0Sadg1vgvaPqGTOjxu0N6c,0Sadg1vgvaPqGTOjxu0N6c,Girls' Generation,artist,spotify:artist:0Sadg1vgvaPqGTOjxu0N6c,https://open.spotify.com/artist/0Sadg1vgvaPqGTOjxu0N6c,1,199563,FALSE,FALSE,https://api.spotify.com/v1/tracks/1Bjy9ZtwMle3uhVgoBgiGN,FALSE,Holiday,53,https://p.scdn.co/mp3-preview/4b1e5909af2f9b4cdc278a44a3bb5706441b0d45?cid=3aae041578b64519942b572adc41f54b,TRUE,3,track,spotify:track:1Bjy9ZtwMle3uhVgoBgiGN,album,https://api.spotify.com/v1/albums/5MQM8Jw1FvT21Dny8cOXjF,5MQM8Jw1FvT21Dny8cOXjF,Holiday Night - The 6th Album,2017-08-04,day,10,album,spotify:album:5MQM8Jw1FvT21Dny8cOXjF,https://open.spotify.com/album/5MQM8Jw1FvT21Dny8cOXjF,KRA301700353,https://open.spotify.com/track/1Bjy9ZtwMle3uhVgoBgiGN,NA,C#,major,C# major
37i9dQZF1DWTY99d0AYptp,Top K-Pop Artists of 2019,https://i.scdn.co/image/ab67706f00000003cf6cf9223c41a4279770937f,Spotify,spotify,0.76,0.887,9,-1.993,1,0.0409,0.037,0,0.138,0.24,130.018,00emjlCv9azBN0fzuuyLqy,https://api.spotify.com/v1/audio-analysis/00emjlCv9azBN0fzuuyLqy,4,2019-12-03T23:01:00Z,FALSE,NA,https://api.spotify.com/v1/users/,,user,spotify:user:,https://open.spotify.com/user/,https://api.spotify.com/v1/artists/2JhAlkmukNvarUpGhTFXUQ,2JhAlkmukNvarUpGhTFXUQ,KARD,artist,spotify:artist:2JhAlkmukNvarUpGhTFXUQ,https://open.spotify.com/artist/2JhAlkmukNvarUpGhTFXUQ,1,193160,FALSE,FALSE,https://api.spotify.com/v1/tracks/00emjlCv9azBN0fzuuyLqy,FALSE,Dumb Litty,61,https://p.scdn.co/mp3-preview/a252c4035e02f69b5fd661baf1cc4fe8a6dbcb29?cid=3aae041578b64519942b572adc41f54b,TRUE,1,track,spotify:track:00emjlCv9azBN0fzuuyLqy,single,https://api.spotify.com/v1/albums/7h5X3xhh3peIK9Y0qI5hbK,7h5X3xhh3peIK9Y0qI5hbK,KARD 2nd Digital Single ‘Dumb Litty’,2019-09-22,day,1,album,spotify:album:7h5X3xhh3peIK9Y0qI5hbK,https://open.spotify.com/album/7h5X3xhh3peIK9Y0qI5hbK,KRA381904288,https://open.spotify.com/track/00emjlCv9azBN0fzuuyLqy,NA,A,major,A major
37i9dQZF1DWTY99d0AYptp,Top K-Pop Artists of 2019,https://i.scdn.co/image/ab67706f00000003cf6cf9223c41a4279770937f,Spotify,spotify,0.566,0.769,7,-4.342,1,0.0872,0.0183,0,0.108,0.385,170.036,5sbooPcNgIE22DwO0VNGUJ,https://api.spotify.com/v1/audio-analysis/5sbooPcNgIE22DwO0VNGUJ,4,2019-12-03T23:01:00Z,FALSE,NA,https://api.spotify.com/v1/users/,,user,spotify:user:,https://open.spotify.com/user/,https://api.spotify.com/v1/artists/4gOc8TsQed9eqnqJct2c5v,4gOc8TsQed9eqnqJct2c5v,K/DA,artist,spotify:artist:4gOc8TsQed9eqnqJct2c5v,https://open.spotify.com/artist/4gOc8TsQed9eqnqJct2c5v,1,191100,FALSE,FALSE,https://api.spotify.com/v1/tracks/5sbooPcNgIE22DwO0VNGUJ,FALSE,POP/STARS,79,https://p.scdn.co/mp3-preview/c8c6086726d7cac2697ac2f2b67089b83437368c?cid=3aae041578b64519942b572adc41f54b,TRUE,1,track,spotify:track:5sbooPcNgIE22DwO0VNGUJ,single,https://api.spotify.com/v1/albums/0UnBZ8laFgLUq5Ty5vbikQ,0UnBZ8laFgLUq5Ty5vbikQ,POP/STARS,2018-11-03,day,1,album,spotify:album:0UnBZ8laFgLUq5Ty5vbikQ,https://open.spotify.com/album/0UnBZ8laFgLUq5Ty5vbikQ,NLRD51859885,https://open.spotify.com/track/5sbooPcNgIE22DwO0VNGUJ,NA,G,major,G major
37i9dQZF1DWTY99d0AYptp,Top K-Pop Artists of 2019,https://i.scdn.co/image/ab67706f00000003cf6cf9223c41a4279770937f,Spotify,spotify,0.566,0.769,7,-4.342,1,0.0872,0.0183,0,0.108,0.385,170.036,5sbooPcNgIE22DwO0VNGUJ,https://api.spotify.com/v1/audio-analysis/5sbooPcNgIE22DwO0VNGUJ,4,2019-12-03T23:01:00Z,FALSE,NA,https://api.spotify.com/v1/users/,,user,spotify:user:,https://open.spotify.com/user/,https://api.spotify.com/v1/artists/2kRfqPViCqYdSGhYSM9R0Q,2kRfqPViCqYdSGhYSM9R0Q,Madison Beer,artist,spotify:artist:2kRfqPViCqYdSGhYSM9R0Q,https://open.spotify.com/artist/2kRfqPViCqYdSGhYSM9R0Q,1,191100,FALSE,FALSE,https://api.spotify.com/v1/tracks/5sbooPcNgIE22DwO0VNGUJ,FALSE,POP/STARS,79,https://p.scdn.co/mp3-preview/c8c6086726d7cac2697ac2f2b67089b83437368c?cid=3aae041578b64519942b572adc41f54b,TRUE,1,track,spotify:track:5sbooPcNgIE22DwO0VNGUJ,single,https://api.spotify.com/v1/albums/0UnBZ8laFgLUq5Ty5vbikQ,0UnBZ8laFgLUq5Ty5vbikQ,POP/STARS,2018-11-03,day,1,album,spotify:album:0UnBZ8laFgLUq5Ty5vbikQ,https://open.spotify.com/album/0UnBZ8laFgLUq5Ty5vbikQ,NLRD51859885,https://open.spotify.com/track/5sbooPcNgIE22DwO0VNGUJ,NA,G,major,G major
37i9dQZF1DWTY99d0AYptp,Top K-Pop Artists of 2019,https://i.scdn.co/image/ab67706f00000003cf6cf9223c41a4279770937f,Spotify,spotify,0.566,0.769,7,-4.342,1,0.0872,0.0183,0,0.108,0.385,170.036,5sbooPcNgIE22DwO0VNGUJ,https://api.spotify.com/v1/audio-analysis/5sbooPcNgIE22DwO0VNGUJ,4,2019-12-03T23:01:00Z,FALSE,NA,https://api.spotify.com/v1/users/,,user,spotify:user:,https://open.spotify.com/user/,https://api.spotify.com/v1/artists/2AfmfGFbe0A0WsTYm0SDTx,2AfmfGFbe0A0WsTYm0SDTx,(G)I-DLE,artist,spotify:artist:2AfmfGFbe0A0WsTYm0SDTx,https://open.spotify.com/artist/2AfmfGFbe0A0WsTYm0SDTx,1,191100,FALSE,FALSE,https://api.spotify.com/v1/tracks/5sbooPcNgIE22DwO0VNGUJ,FALSE,POP/STARS,79,https://p.scdn.co/mp3-preview/c8c6086726d7cac2697ac2f2b67089b83437368c?cid=3aae041578b64519942b572adc41f54b,TRUE,1,track,spotify:track:5sbooPcNgIE22DwO0VNGUJ,single,https://api.spotify.com/v1/albums/0UnBZ8laFgLUq5Ty5vbikQ,0UnBZ8laFgLUq5Ty5vbikQ,POP/STARS,2018-11-03,day,1,album,spotify:album:0UnBZ8laFgLUq5Ty5vbikQ,https://open.spotify.com/album/0UnBZ8laFgLUq5Ty5vbikQ,NLRD51859885,https://open.spotify.com/track/5sbooPcNgIE22DwO0VNGUJ,NA,G,major,G major
37i9dQZF1DWTY99d0AYptp,Top K-Pop Artists of 2019,https://i.scdn.co/image/ab67706f00000003cf6cf9223c41a4279770937f,Spotify,spotify,0.566,0.769,7,-4.342,1,0.0872,0.0183,0,0.108,0.385,170.036,5sbooPcNgIE22DwO0VNGUJ,https://api.spotify.com/v1/audio-analysis/5sbooPcNgIE22DwO0VNGUJ,4,2019-12-03T23:01:00Z,FALSE,NA,https://api.spotify.com/v1/users/,,user,spotify:user:,https://open.spotify.com/user/,https://api.spotify.com/v1/artists/0tRFWXqKBBQcu5oFVOgVzX,0tRFWXqKBBQcu5oFVOgVzX,Jaira Burns,artist,spotify:artist:0tRFWXqKBBQcu5oFVOgVzX,https://open.spotify.com/artist/0tRFWXqKBBQcu5oFVOgVzX,1,191100,FALSE,FALSE,https://api.spotify.com/v1/tracks/5sbooPcNgIE22DwO0VNGUJ,FALSE,POP/STARS,79,https://p.scdn.co/mp3-preview/c8c6086726d7cac2697ac2f2b67089b83437368c?cid=3aae041578b64519942b572adc41f54b,TRUE,1,track,spotify:track:5sbooPcNgIE22DwO0VNGUJ,single,https://api.spotify.com/v1/albums/0UnBZ8laFgLUq5Ty5vbikQ,0UnBZ8laFgLUq5Ty5vbikQ,POP/STARS,2018-11-03,day,1,album,spotify:album:0UnBZ8laFgLUq5Ty5vbikQ,https://open.spotify.com/album/0UnBZ8laFgLUq5Ty5vbikQ,NLRD51859885,https://open.spotify.com/track/5sbooPcNgIE22DwO0VNGUJ,NA,G,major,G major
37i9dQZF1DWTY99d0AYptp,Top K-Pop Artists of 2019,https://i.scdn.co/image/ab67706f00000003cf6cf9223c41a4279770937f,Spotify,spotify,0.566,0.769,7,-4.342,1,0.0872,0.0183,0,0.108,0.385,170.036,5sbooPcNgIE22DwO0VNGUJ,https://api.spotify.com/v1/audio-analysis/5sbooPcNgIE22DwO0VNGUJ,4,2019-12-03T23:01:00Z,FALSE,NA,https://api.spotify.com/v1/users/,,user,spotify:user:,https://open.spotify.com/user/,https://api.spotify.com/v1/artists/47mIJdHORyRerp4os813jD,47mIJdHORyRerp4os813jD,League of Legends,artist,spotify:artist:47mIJdHORyRerp4os813jD,https://open.spotify.com/artist/47mIJdHORyRerp4os813jD,1,191100,FALSE,FALSE,https://api.spotify.com/v1/tracks/5sbooPcNgIE22DwO0VNGUJ,FALSE,POP/STARS,79,https://p.scdn.co/mp3-preview/c8c6086726d7cac2697ac2f2b67089b83437368c?cid=3aae041578b64519942b572adc41f54b,TRUE,1,track,spotify:track:5sbooPcNgIE22DwO0VNGUJ,single,https://api.spotify.com/v1/albums/0UnBZ8laFgLUq5Ty5vbikQ,0UnBZ8laFgLUq5Ty5vbikQ,POP/STARS,2018-11-03,day,1,album,spotify:album:0UnBZ8laFgLUq5Ty5vbikQ,https://open.spotify.com/album/0UnBZ8laFgLUq5Ty5vbikQ,NLRD51859885,https://open.spotify.com/track/5sbooPcNgIE22DwO0VNGUJ,NA,G,major,G major
37i9dQZF1DWTY99d0AYptp,Top K-Pop Artists of 2019,https://i.scdn.co/image/ab67706f00000003cf6cf9223c41a4279770937f,Spotify,spotify,0.572,0.401,4,-6.067,1,0.0255,0.543,1.34e-4,0.117,0.206,139.769,1afMrs1HEsNDm11GRrLeoW,https://api.spotify.com/v1/audio-analysis/1afMrs1HEsNDm11GRrLeoW,4,2019-12-03T23:01:00Z,FALSE,NA,https://api.spotify.com/v1/users/,,user,spotify:user:,https://open.spotify.com/user/,https://api.spotify.com/v1/artists/0UEP2XBR9aC5NBKcAKnBIq,0UEP2XBR9aC5NBKcAKnBIq,CHEN,artist,spotify:artist:0UEP2XBR9aC5NBKcAKnBIq,https://open.spotify.com/artist/0UEP2XBR9aC5NBKcAKnBIq,1,221014,FALSE,FALSE,https://api.spotify.com/v1/tracks/1afMrs1HEsNDm11GRrLeoW,FALSE,Shall we?,54,https://p.scdn.co/mp3-preview/c291a6c1c8bcd472491334b69d81e852c51035a8?cid=3aae041578b64519942b572adc41f54b,TRUE,1,track,spotify:track:1afMrs1HEsNDm11GRrLeoW,single,https://api.spotify.com/v1/albums/7vIUunVE4NWLS0uq9X9o5f,7vIUunVE4NWLS0uq9X9o5f,Dear my dear - The 2nd Mini Album,2019-10-01,day,6,album,spotify:album:7vIUunVE4NWLS0uq9X9o5f,https://open.spotify.com/album/7vIUunVE4NWLS0uq9X9o5f,KRA301900426,https://open.spotify.com/track/1afMrs1HEsNDm11GRrLeoW,NA,E,major,E major
37i9dQZF1DWTY99d0AYptp,Top K-Pop Artists of 2019,https://i.scdn.co/image/ab67706f00000003cf6cf9223c41a4279770937f,Spotify,spotify,0.731,0.775,8,-4.079,1,0.0491,0.287,0,0.102,0.616,119.972,7JPzFzJLrzmINVguyqtMay,https://api.spotify.com/v1/audio-analysis/7JPzFzJLrzmINVguyqtMay,4,2019-12-03T23:01:00Z,FALSE,NA,https://api.spotify.com/v1/users/,,user,spotify:user:,https://open.spotify.com/user/,https://api.spotify.com/v1/artists/2FLqlgckDKdmpBrvLAT5BM,2FLqlgckDKdmpBrvLAT5BM,Eric Nam,artist,spotify:artist:2FLqlgckDKdmpBrvLAT5BM,https://open.spotify.com/artist/2FLqlgckDKdmpBrvLAT5BM,1,153293,FALSE,FALSE,https://api.spotify.com/v1/tracks/7JPzFzJLrzmINVguyqtMay,FALSE,Runaway,62,https://p.scdn.co/mp3-preview/6743366df492eb9a03a2a246037949aa13468fc4?cid=3aae041578b64519942b572adc41f54b,TRUE,1,track,spotify:track:7JPzFzJLrzmINVguyqtMay,single,https://api.spotify.com/v1/albums/5drRznvTaLxrrdPgPLqHP5,5drRznvTaLxrrdPgPLqHP5,Runaway,2019-05-08,day,1,album,spotify:album:5drRznvTaLxrrdPgPLqHP5,https://open.spotify.com/album/5drRznvTaLxrrdPgPLqHP5,KRA491900305,https://open.spotify.com/track/7JPzFzJLrzmINVguyqtMay,NA,G#,major,G# major
37i9dQZF1DWTY99d0AYptp,Top K-Pop Artists of 2019,https://i.scdn.co/image/ab67706f00000003cf6cf9223c41a4279770937f,Spotify,spotify,0.745,0.613,11,-5.368,0,0.0427,0.226,0,0.0664,0.542,91.997,0lhZsFfTpITnjK5q8lrDLR,https://api.spotify.com/v1/audio-analysis/0lhZsFfTpITnjK5q8lrDLR,4,2019-12-03T23:01:00Z,FALSE,NA,https://api.spotify.com/v1/users/,,user,spotify:user:,https://open.spotify.com/user/,https://api.spotify.com/v1/artists/7cVZApDoQZpS447nHTsNqu,7cVZApDoQZpS447nHTsNqu,LeeHi,artist,spotify:artist:7cVZApDoQZpS447nHTsNqu,https://open.spotify.com/artist/7cVZApDoQZpS447nHTsNqu,1,194596,FALSE,FALSE,https://api.spotify.com/v1/tracks/0lhZsFfTpITnjK5q8lrDLR,FALSE,NO ONE,63,https://p.scdn.co/mp3-preview/7f95cfd098c88d36576bb1de45388e4ee9e8fd42?cid=3aae041578b64519942b572adc41f54b,TRUE,1,track,spotify:track:0lhZsFfTpITnjK5q8lrDLR,single,https://api.spotify.com/v1/albums/47gO1PsZBE4DdS9ipfiHti,47gO1PsZBE4DdS9ipfiHti,24℃,2019-05-30,day,5,album,spotify:album:47gO1PsZBE4DdS9ipfiHti,https://open.spotify.com/album/47gO1PsZBE4DdS9ipfiHti,KRA401900037,https://open.spotify.com/track/0lhZsFfTpITnjK5q8lrDLR,NA,B,minor,B minor
37i9dQZF1DWTY99d0AYptp,Top K-Pop Artists of 2019,https://i.scdn.co/image/ab67706f00000003cf6cf9223c41a4279770937f,Spotify,spotify,0.745,0.613,11,-5.368,0,0.0427,0.226,0,0.0664,0.542,91.997,0lhZsFfTpITnjK5q8lrDLR,https://api.spotify.com/v1/audio-analysis/0lhZsFfTpITnjK5q8lrDLR,4,2019-12-03T23:01:00Z,FALSE,NA,https://api.spotify.com/v1/users/,,user,spotify:user:,https://open.spotify.com/user/,https://api.spotify.com/v1/artists/0UntV1Bw2hk3fbRrm9eMP6,0UntV1Bw2hk3fbRrm9eMP6,B.I,artist,spotify:artist:0UntV1Bw2hk3fbRrm9eMP6,https://open.spotify.com/artist/0UntV1Bw2hk3fbRrm9eMP6,1,194596,FALSE,FALSE,https://api.spotify.com/v1/tracks/0lhZsFfTpITnjK5q8lrDLR,FALSE,NO ONE,63,https://p.scdn.co/mp3-preview/7f95cfd098c88d36576bb1de45388e4ee9e8fd42?cid=3aae041578b64519942b572adc41f54b,TRUE,1,track,spotify:track:0lhZsFfTpITnjK5q8lrDLR,single,https://api.spotify.com/v1/albums/47gO1PsZBE4DdS9ipfiHti,47gO1PsZBE4DdS9ipfiHti,24℃,2019-05-30,day,5,album,spotify:album:47gO1PsZBE4DdS9ipfiHti,https://open.spotify.com/album/47gO1PsZBE4DdS9ipfiHti,KRA401900037,https://open.spotify.com/track/0lhZsFfTpITnjK5q8lrDLR,NA,B,minor,B minor
